"",".y.","group1","group2","p","p.adj","p.format","p.signif","method"
"1","Mean_Orange_Norm","LN","C1DN",0.061000739666083,1,"0.06100","ns","Wilcoxon"
"2","Mean_Orange_Norm","LN","C1C4",0.00244882598200334,1,"0.00245","**","Wilcoxon"
"3","Mean_Orange_Norm","LN","HAFN",0.061000739666083,1,"0.06100","ns","Wilcoxon"
"4","Mean_Orange_Norm","LN","HAG3",0.0888437968053283,1,"0.08884","ns","Wilcoxon"
"5","Mean_Orange_Norm","LN","LNG3",0.389767066228048,1,"0.38977","ns","Wilcoxon"
"6","Mean_Orange_Norm","LN","TCDN",0.0298359539191218,1,"0.02984","*","Wilcoxon"
"7","Mean_Orange_Norm","LN","C4OPN",0.0114519296565146,1,"0.01145","*","Wilcoxon"
"8","Mean_Orange_Norm","LN","C1",0.100530442770314,1,"0.10053","ns","Wilcoxon"
"9","Mean_Orange_Norm","LN","OPNG3",0.13489153609678,1,"0.13489","ns","Wilcoxon"
"10","Mean_Orange_Norm","LN","C4",0.159973019308058,1,"0.15997","ns","Wilcoxon"
"11","Mean_Orange_Norm","LN","HAOPN",0.0431560420347437,1,"0.04316","*","Wilcoxon"
"12","Mean_Orange_Norm","LN","FN",0.0780243447493414,1,"0.07802","ns","Wilcoxon"
"13","Mean_Orange_Norm","LN","OPNDN",0.0888437968053283,1,"0.08884","ns","Wilcoxon"
"14","Mean_Orange_Norm","LN","OPNFN",0.0544904763533342,1,"0.05449","ns","Wilcoxon"
"15","Mean_Orange_Norm","LN","LNDN",0.458337469330101,1,"0.45834","ns","Wilcoxon"
"16","Mean_Orange_Norm","LN","LNFN",0.0544904763533342,1,"0.05449","ns","Wilcoxon"
"17","Mean_Orange_Norm","LN","C1G3",0.0719235729625051,1,"0.07192","ns","Wilcoxon"
"18","Mean_Orange_Norm","LN","C4HA",0.0245857075231968,1,"0.02459","*","Wilcoxon"
"19","Mean_Orange_Norm","LN","G3FN",0.0142288423830032,1,"0.01423","*","Wilcoxon"
"20","Mean_Orange_Norm","LN","C4FN",0.0034747159510179,1,"0.00347","**","Wilcoxon"
"21","Mean_Orange_Norm","LN","C1OPN",0.0579491567055671,1,"0.05795","ns","Wilcoxon"
"22","Mean_Orange_Norm","LN","DNFN",0.0106363270256584,1,"0.01064","*","Wilcoxon"
"23","Mean_Orange_Norm","LN","C4G3",0.00267491787250954,1,"0.00267","**","Wilcoxon"
"24","Mean_Orange_Norm","LN","LNHA",0.0800314813362553,1,"0.08003","ns","Wilcoxon"
"25","Mean_Orange_Norm","LN","G3",0.291342659225281,1,"0.29134","ns","Wilcoxon"
"26","Mean_Orange_Norm","LN","DNG3",0.0201341058874188,1,"0.02013","*","Wilcoxon"
"27","Mean_Orange_Norm","LN","C1LN",0.0052792850719278,1,"0.00528","**","Wilcoxon"
"28","Mean_Orange_Norm","LN","TCG3",0.0215353909976265,1,"0.02154","*","Wilcoxon"
"29","Mean_Orange_Norm","LN","TCFN",0.0245857075231968,1,"0.02459","*","Wilcoxon"
"30","Mean_Orange_Norm","LN","C1TC",0.0382598499646109,1,"0.03826","*","Wilcoxon"
"31","Mean_Orange_Norm","LN","C4LN",0.00115943610148857,1,"0.00116","**","Wilcoxon"
"32","Mean_Orange_Norm","LN","C1FN",0.0298359539191218,1,"0.02984","*","Wilcoxon"
"33","Mean_Orange_Norm","LN","C4TC",0.0034747159510179,1,"0.00347","**","Wilcoxon"
"34","Mean_Orange_Norm","LN","C4DN",0.000703107426818336,0.69,"0.00070","***","Wilcoxon"
"35","Mean_Orange_Norm","LN","TCOPN",0.0485543700298984,1,"0.04855","*","Wilcoxon"
"36","Mean_Orange_Norm","LN","TCHA",0.125764175045543,1,"0.12576","ns","Wilcoxon"
"37","Mean_Orange_Norm","LN","C1HA",0.0142288423830032,1,"0.01423","*","Wilcoxon"
"38","Mean_Orange_Norm","LN","LNTC",0.0163839380678272,1,"0.01638","*","Wilcoxon"
"39","Mean_Orange_Norm","LN","HA",0.477575258232143,1,"0.47758","ns","Wilcoxon"
"40","Mean_Orange_Norm","LN","HADN",0.0163839380678272,1,"0.01638","*","Wilcoxon"
"41","Mean_Orange_Norm","LN","LNOPN",0.0382598499646109,1,"0.03826","*","Wilcoxon"
"42","Mean_Orange_Norm","LN","TC",0.0284206976224744,1,"0.02842","*","Wilcoxon"
"43","Mean_Orange_Norm","LN","DN",0.0144925070890881,1,"0.01449","*","Wilcoxon"
"44","Mean_Orange_Norm","LN","OPN",0.0518646113611789,1,"0.05186","ns","Wilcoxon"
"45","Mean_Orange_Norm","C1DN","C1C4",0.137049414036713,1,"0.13705","ns","Wilcoxon"
"46","Mean_Orange_Norm","C1DN","HAFN",0.82723098755764,1,"0.82723","ns","Wilcoxon"
"47","Mean_Orange_Norm","C1DN","HAG3",0.642179801625858,1,"0.64218","ns","Wilcoxon"
"48","Mean_Orange_Norm","C1DN","LNG3",0.053048023264557,1,"0.05305","ns","Wilcoxon"
"49","Mean_Orange_Norm","C1DN","TCDN",0.906453353579042,1,"0.90645","ns","Wilcoxon"
"50","Mean_Orange_Norm","C1DN","C4OPN",0.337705673775654,1,"0.33771","ns","Wilcoxon"
"51","Mean_Orange_Norm","C1DN","C1",0.823420278524008,1,"0.82342","ns","Wilcoxon"
"52","Mean_Orange_Norm","C1DN","OPNG3",0.143278302412637,1,"0.14328","ns","Wilcoxon"
"53","Mean_Orange_Norm","C1DN","C4",0.915833605877079,1,"0.91583","ns","Wilcoxon"
"54","Mean_Orange_Norm","C1DN","HAOPN",0.977679233917821,1,"0.97768","ns","Wilcoxon"
"55","Mean_Orange_Norm","C1DN","FN",0.733332244321382,1,"0.73333","ns","Wilcoxon"
"56","Mean_Orange_Norm","C1DN","OPNDN",0.906453353579042,1,"0.90645","ns","Wilcoxon"
"57","Mean_Orange_Norm","C1DN","OPNFN",1,1,"1.00000","ns","Wilcoxon"
"58","Mean_Orange_Norm","C1DN","LNDN",0.0427300029844377,1,"0.04273","*","Wilcoxon"
"59","Mean_Orange_Norm","C1DN","LNFN",0.977679233917821,1,"0.97768","ns","Wilcoxon"
"60","Mean_Orange_Norm","C1DN","C1G3",0.579352443925653,1,"0.57935","ns","Wilcoxon"
"61","Mean_Orange_Norm","C1DN","C4HA",0.724372501457536,1,"0.72437","ns","Wilcoxon"
"62","Mean_Orange_Norm","C1DN","G3FN",0.304761991314993,1,"0.30476","ns","Wilcoxon"
"63","Mean_Orange_Norm","C1DN","C4FN",0.0489608009586377,1,"0.04896","*","Wilcoxon"
"64","Mean_Orange_Norm","C1DN","C1OPN",0.63516149829847,1,"0.63516","ns","Wilcoxon"
"65","Mean_Orange_Norm","C1DN","DNFN",0.236346286935222,1,"0.23635","ns","Wilcoxon"
"66","Mean_Orange_Norm","C1DN","C4G3",0.0604828106573747,1,"0.06048","ns","Wilcoxon"
"67","Mean_Orange_Norm","C1DN","LNHA",0.724372501457536,1,"0.72437","ns","Wilcoxon"
"68","Mean_Orange_Norm","C1DN","G3",0.733332244321382,1,"0.73333","ns","Wilcoxon"
"69","Mean_Orange_Norm","C1DN","DNG3",0.372823409455144,1,"0.37282","ns","Wilcoxon"
"70","Mean_Orange_Norm","C1DN","C1LN",0.139289851139585,1,"0.13929","ns","Wilcoxon"
"71","Mean_Orange_Norm","C1DN","TCG3",0.715991275320253,1,"0.71599","ns","Wilcoxon"
"72","Mean_Orange_Norm","C1DN","TCFN",0.82723098755764,1,"0.82723","ns","Wilcoxon"
"73","Mean_Orange_Norm","C1DN","C1TC",0.792522645864482,1,"0.79252","ns","Wilcoxon"
"74","Mean_Orange_Norm","C1DN","C4LN",0.0226068848275351,1,"0.02261","*","Wilcoxon"
"75","Mean_Orange_Norm","C1DN","C1FN",0.626210224856287,1,"0.62621","ns","Wilcoxon"
"76","Mean_Orange_Norm","C1DN","C4TC",0.0670263131237601,1,"0.06703","ns","Wilcoxon"
"77","Mean_Orange_Norm","C1DN","C4DN",0.00745000326700096,1,"0.00745","**","Wilcoxon"
"78","Mean_Orange_Norm","C1DN","TCOPN",0.618289273602765,1,"0.61829","ns","Wilcoxon"
"79","Mean_Orange_Norm","C1DN","TCHA",0.354993942917983,1,"0.35499","ns","Wilcoxon"
"80","Mean_Orange_Norm","C1DN","C1HA",0.512283856474465,1,"0.51228","ns","Wilcoxon"
"81","Mean_Orange_Norm","C1DN","LNTC",0.642179801625858,1,"0.64218","ns","Wilcoxon"
"82","Mean_Orange_Norm","C1DN","HA",0.0888437968053283,1,"0.08884","ns","Wilcoxon"
"83","Mean_Orange_Norm","C1DN","HADN",0.505086575956326,1,"0.50509","ns","Wilcoxon"
"84","Mean_Orange_Norm","C1DN","LNOPN",0.950918594866289,1,"0.95092","ns","Wilcoxon"
"85","Mean_Orange_Norm","C1DN","TC",0.389767066228048,1,"0.38977","ns","Wilcoxon"
"86","Mean_Orange_Norm","C1DN","DN",0.173266484190858,1,"0.17327","ns","Wilcoxon"
"87","Mean_Orange_Norm","C1DN","OPN",0.502440101163289,1,"0.50244","ns","Wilcoxon"
"88","Mean_Orange_Norm","C1C4","HAFN",0.159786016818439,1,"0.15979","ns","Wilcoxon"
"89","Mean_Orange_Norm","C1C4","HAG3",0.0629912099555988,1,"0.06299","ns","Wilcoxon"
"90","Mean_Orange_Norm","C1C4","LNG3",0.001517956299889,1,"0.00152","**","Wilcoxon"
"91","Mean_Orange_Norm","C1C4","TCDN",0.159786016818439,1,"0.15979","ns","Wilcoxon"
"92","Mean_Orange_Norm","C1C4","C4OPN",0.651565766013772,1,"0.65157","ns","Wilcoxon"
"93","Mean_Orange_Norm","C1C4","C1",0.339871837132958,1,"0.33987","ns","Wilcoxon"
"94","Mean_Orange_Norm","C1C4","OPNG3",0.00229351866162487,1,"0.00229","**","Wilcoxon"
"95","Mean_Orange_Norm","C1C4","C4",0.270935614996609,1,"0.27094","ns","Wilcoxon"
"96","Mean_Orange_Norm","C1C4","HAOPN",0.12238034657157,1,"0.12238","ns","Wilcoxon"
"97","Mean_Orange_Norm","C1C4","FN",0.432910303716136,1,"0.43291","ns","Wilcoxon"
"98","Mean_Orange_Norm","C1C4","OPNDN",0.131028862538985,1,"0.13103","ns","Wilcoxon"
"99","Mean_Orange_Norm","C1C4","OPNFN",0.137049414036713,1,"0.13705","ns","Wilcoxon"
"100","Mean_Orange_Norm","C1C4","LNDN",0.00107817272079553,1,"0.00108","**","Wilcoxon"
"101","Mean_Orange_Norm","C1C4","LNFN",0.140137582624368,1,"0.14014","ns","Wilcoxon"
"102","Mean_Orange_Norm","C1C4","C1G3",0.0270027000875628,1,"0.02700","*","Wilcoxon"
"103","Mean_Orange_Norm","C1C4","C4HA",0.193010595467377,1,"0.19301","ns","Wilcoxon"
"104","Mean_Orange_Norm","C1C4","G3FN",0.375011653614183,1,"0.37501","ns","Wilcoxon"
"105","Mean_Orange_Norm","C1C4","C4FN",0.986323719567129,1,"0.98632","ns","Wilcoxon"
"106","Mean_Orange_Norm","C1C4","C1OPN",0.076024892261346,1,"0.07602","ns","Wilcoxon"
"107","Mean_Orange_Norm","C1C4","DNFN",0.651565766013772,1,"0.65157","ns","Wilcoxon"
"108","Mean_Orange_Norm","C1C4","C4G3",0.886407033048174,1,"0.88641","ns","Wilcoxon"
"109","Mean_Orange_Norm","C1C4","LNHA",0.0613531404308386,1,"0.06135","ns","Wilcoxon"
"110","Mean_Orange_Norm","C1C4","G3",0.194533271040626,1,"0.19453","ns","Wilcoxon"
"111","Mean_Orange_Norm","C1C4","DNG3",0.563598041597036,1,"0.56360","ns","Wilcoxon"
"112","Mean_Orange_Norm","C1C4","C1LN",0.986323719567129,1,"0.98632","ns","Wilcoxon"
"113","Mean_Orange_Norm","C1C4","TCG3",0.230979431703252,1,"0.23098","ns","Wilcoxon"
"114","Mean_Orange_Norm","C1C4","TCFN",0.205127859983423,1,"0.20513","ns","Wilcoxon"
"115","Mean_Orange_Norm","C1C4","C1TC",0.0681205392009232,1,"0.06812","ns","Wilcoxon"
"116","Mean_Orange_Norm","C1C4","C4LN",0.548232124669674,1,"0.54823","ns","Wilcoxon"
"117","Mean_Orange_Norm","C1C4","C1FN",0.201029582865357,1,"0.20103","ns","Wilcoxon"
"118","Mean_Orange_Norm","C1C4","C4TC",0.995441043932114,1,"0.99544","ns","Wilcoxon"
"119","Mean_Orange_Norm","C1C4","C4DN",0.362770631447774,1,"0.36277","ns","Wilcoxon"
"120","Mean_Orange_Norm","C1C4","TCOPN",0.294604377143527,1,"0.29460","ns","Wilcoxon"
"121","Mean_Orange_Norm","C1C4","TCHA",0.044275532682674,1,"0.04428","*","Wilcoxon"
"122","Mean_Orange_Norm","C1C4","C1HA",0.406698717606926,1,"0.40670","ns","Wilcoxon"
"123","Mean_Orange_Norm","C1C4","LNTC",0.289334163292749,1,"0.28933","ns","Wilcoxon"
"124","Mean_Orange_Norm","C1C4","HA",0.0170958961760143,1,"0.01710","*","Wilcoxon"
"125","Mean_Orange_Norm","C1C4","HADN",0.387501403348157,1,"0.38750","ns","Wilcoxon"
"126","Mean_Orange_Norm","C1C4","LNOPN",0.146472032773439,1,"0.14647","ns","Wilcoxon"
"127","Mean_Orange_Norm","C1C4","TC",0.837907432737511,1,"0.83791","ns","Wilcoxon"
"128","Mean_Orange_Norm","C1C4","DN",0.638576634474316,1,"0.63858","ns","Wilcoxon"
"129","Mean_Orange_Norm","C1C4","OPN",0.673437959000224,1,"0.67344","ns","Wilcoxon"
"130","Mean_Orange_Norm","HAFN","HAG3",0.61041188526553,1,"0.61041","ns","Wilcoxon"
"131","Mean_Orange_Norm","HAFN","LNG3",0.0653388220266916,1,"0.06534","ns","Wilcoxon"
"132","Mean_Orange_Norm","HAFN","TCDN",0.995535294657661,1,"0.99554","ns","Wilcoxon"
"133","Mean_Orange_Norm","HAFN","C4OPN",0.429513014172978,1,"0.42951","ns","Wilcoxon"
"134","Mean_Orange_Norm","HAFN","C1",0.823420278524008,1,"0.82342","ns","Wilcoxon"
"135","Mean_Orange_Norm","HAFN","OPNG3",0.128095531278407,1,"0.12810","ns","Wilcoxon"
"136","Mean_Orange_Norm","HAFN","C4",0.897221795310064,1,"0.89722","ns","Wilcoxon"
"137","Mean_Orange_Norm","HAFN","HAOPN",0.862275857672886,1,"0.86228","ns","Wilcoxon"
"138","Mean_Orange_Norm","HAFN","FN",0.787041131964464,1,"0.78704","ns","Wilcoxon"
"139","Mean_Orange_Norm","HAFN","OPNDN",0.792522645864482,1,"0.79252","ns","Wilcoxon"
"140","Mean_Orange_Norm","HAFN","OPNFN",0.853486711112679,1,"0.85349","ns","Wilcoxon"
"141","Mean_Orange_Norm","HAFN","LNDN",0.0404301870643427,1,"0.04043","*","Wilcoxon"
"142","Mean_Orange_Norm","HAFN","LNFN",0.862275857672886,1,"0.86228","ns","Wilcoxon"
"143","Mean_Orange_Norm","HAFN","C1G3",0.436103146506035,1,"0.43610","ns","Wilcoxon"
"144","Mean_Orange_Norm","HAFN","C4HA",0.915327713529074,1,"0.91533","ns","Wilcoxon"
"145","Mean_Orange_Norm","HAFN","G3FN",0.449454594263529,1,"0.44945","ns","Wilcoxon"
"146","Mean_Orange_Norm","HAFN","C4FN",0.124732275265831,1,"0.12473","ns","Wilcoxon"
"147","Mean_Orange_Norm","HAFN","C1OPN",0.587023873799545,1,"0.58702","ns","Wilcoxon"
"148","Mean_Orange_Norm","HAFN","DNFN",0.360877132628192,1,"0.36088","ns","Wilcoxon"
"149","Mean_Orange_Norm","HAFN","C4G3",0.101514173380211,1,"0.10151","ns","Wilcoxon"
"150","Mean_Orange_Norm","HAFN","LNHA",0.602578795183032,1,"0.60258","ns","Wilcoxon"
"151","Mean_Orange_Norm","HAFN","G3",0.613215774183149,1,"0.61322","ns","Wilcoxon"
"152","Mean_Orange_Norm","HAFN","DNG3",0.534188246190404,1,"0.53419","ns","Wilcoxon"
"153","Mean_Orange_Norm","HAFN","C1LN",0.202465238506925,1,"0.20247","ns","Wilcoxon"
"154","Mean_Orange_Norm","HAFN","TCG3",0.888740268322265,1,"0.88874","ns","Wilcoxon"
"155","Mean_Orange_Norm","HAFN","TCFN",0.977679233917821,1,"0.97768","ns","Wilcoxon"
"156","Mean_Orange_Norm","HAFN","C1TC",0.871081873353692,1,"0.87108","ns","Wilcoxon"
"157","Mean_Orange_Norm","HAFN","C4LN",0.0415668061971215,1,"0.04157","*","Wilcoxon"
"158","Mean_Orange_Norm","HAFN","C1FN",0.968754791520069,1,"0.96875","ns","Wilcoxon"
"159","Mean_Orange_Norm","HAFN","C4TC",0.119248590802994,1,"0.11925","ns","Wilcoxon"
"160","Mean_Orange_Norm","HAFN","C4DN",0.0182194656301393,1,"0.01822","*","Wilcoxon"
"161","Mean_Orange_Norm","HAFN","TCOPN",0.749708984122599,1,"0.74971","ns","Wilcoxon"
"162","Mean_Orange_Norm","HAFN","TCHA",0.391190139810319,1,"0.39119","ns","Wilcoxon"
"163","Mean_Orange_Norm","HAFN","C1HA",0.707643706537848,1,"0.70764","ns","Wilcoxon"
"164","Mean_Orange_Norm","HAFN","LNTC",0.758215643555916,1,"0.75822","ns","Wilcoxon"
"165","Mean_Orange_Norm","HAFN","HA",0.151523959626979,1,"0.15152","ns","Wilcoxon"
"166","Mean_Orange_Norm","HAFN","HADN",0.618289273602765,1,"0.61829","ns","Wilcoxon"
"167","Mean_Orange_Norm","HAFN","LNOPN",0.809830650381117,1,"0.80983","ns","Wilcoxon"
"168","Mean_Orange_Norm","HAFN","TC",0.444120625764159,1,"0.44412","ns","Wilcoxon"
"169","Mean_Orange_Norm","HAFN","DN",0.232617550975523,1,"0.23262","ns","Wilcoxon"
"170","Mean_Orange_Norm","HAFN","OPN",0.629857967489692,1,"0.62986","ns","Wilcoxon"
"171","Mean_Orange_Norm","HAG3","LNG3",0.165217416622585,1,"0.16522","ns","Wilcoxon"
"172","Mean_Orange_Norm","HAG3","TCDN",0.626210224856287,1,"0.62621","ns","Wilcoxon"
"173","Mean_Orange_Norm","HAG3","C4OPN",0.18314936243641,1,"0.18315","ns","Wilcoxon"
"174","Mean_Orange_Norm","HAG3","C1",0.878664793933871,1,"0.87866","ns","Wilcoxon"
"175","Mean_Orange_Norm","HAG3","OPNG3",0.413220222252401,1,"0.41322","ns","Wilcoxon"
"176","Mean_Orange_Norm","HAG3","C4",0.990631436257644,1,"0.99063","ns","Wilcoxon"
"177","Mean_Orange_Norm","HAG3","HAOPN",0.674607752461998,1,"0.67461","ns","Wilcoxon"
"178","Mean_Orange_Norm","HAG3","FN",0.596765262531775,1,"0.59677","ns","Wilcoxon"
"179","Mean_Orange_Norm","HAG3","OPNDN",0.7753150120193,1,"0.77532","ns","Wilcoxon"
"180","Mean_Orange_Norm","HAG3","OPNFN",0.766751307087181,1,"0.76675","ns","Wilcoxon"
"181","Mean_Orange_Norm","HAG3","LNDN",0.133319117246192,1,"0.13332","ns","Wilcoxon"
"182","Mean_Orange_Norm","HAG3","LNFN",0.666441672753929,1,"0.66644","ns","Wilcoxon"
"183","Mean_Orange_Norm","HAG3","C1G3",0.968754791520069,1,"0.96875","ns","Wilcoxon"
"184","Mean_Orange_Norm","HAG3","C4HA",0.436103146506035,1,"0.43610","ns","Wilcoxon"
"185","Mean_Orange_Norm","HAG3","G3FN",0.179453635755513,1,"0.17945","ns","Wilcoxon"
"186","Mean_Orange_Norm","HAG3","C4FN",0.037175266512368,1,"0.03718","*","Wilcoxon"
"187","Mean_Orange_Norm","HAG3","C1OPN",0.940787017582674,1,"0.94079","ns","Wilcoxon"
"188","Mean_Orange_Norm","HAG3","DNFN",0.116577622941978,1,"0.11658","ns","Wilcoxon"
"189","Mean_Orange_Norm","HAG3","C4G3",0.0393196909008508,1,"0.03932","*","Wilcoxon"
"190","Mean_Orange_Norm","HAG3","LNHA",0.9331066470312,1,"0.93311","ns","Wilcoxon"
"191","Mean_Orange_Norm","HAG3","G3",0.934490469322327,1,"0.93449","ns","Wilcoxon"
"192","Mean_Orange_Norm","HAG3","DNG3",0.186900464044604,1,"0.18690","ns","Wilcoxon"
"193","Mean_Orange_Norm","HAG3","C1LN",0.0779088071717314,1,"0.07791","ns","Wilcoxon"
"194","Mean_Orange_Norm","HAG3","TCG3",0.378886189129863,1,"0.37889","ns","Wilcoxon"
"195","Mean_Orange_Norm","HAG3","TCFN",0.534188246190404,1,"0.53419","ns","Wilcoxon"
"196","Mean_Orange_Norm","HAG3","C1TC",0.422980386601613,1,"0.42298","ns","Wilcoxon"
"197","Mean_Orange_Norm","HAG3","C4LN",0.0150647356967879,1,"0.01506","*","Wilcoxon"
"198","Mean_Orange_Norm","HAG3","C1FN",0.337705673775654,1,"0.33771","ns","Wilcoxon"
"199","Mean_Orange_Norm","HAG3","C4TC",0.0451379653692371,1,"0.04514","*","Wilcoxon"
"200","Mean_Orange_Norm","HAG3","C4DN",0.00402569227485108,1,"0.00403","**","Wilcoxon"
"201","Mean_Orange_Norm","HAG3","TCOPN",0.391190139810319,1,"0.39119","ns","Wilcoxon"
"202","Mean_Orange_Norm","HAG3","TCHA",0.699330691608883,1,"0.69933","ns","Wilcoxon"
"203","Mean_Orange_Norm","HAG3","C1HA",0.23190711699935,1,"0.23191","ns","Wilcoxon"
"204","Mean_Orange_Norm","HAG3","LNTC",0.320961235546248,1,"0.32096","ns","Wilcoxon"
"205","Mean_Orange_Norm","HAG3","HA",0.18896812454189,1,"0.18897","ns","Wilcoxon"
"206","Mean_Orange_Norm","HAG3","HADN",0.254694766415039,1,"0.25469","ns","Wilcoxon"
"207","Mean_Orange_Norm","HAG3","LNOPN",0.602578795183032,1,"0.60258","ns","Wilcoxon"
"208","Mean_Orange_Norm","HAG3","TC",0.261913319396452,1,"0.26191","ns","Wilcoxon"
"209","Mean_Orange_Norm","HAG3","DN",0.114198444516647,1,"0.11420","ns","Wilcoxon"
"210","Mean_Orange_Norm","HAG3","OPN",0.29359011485156,1,"0.29359","ns","Wilcoxon"
"211","Mean_Orange_Norm","LNG3","TCDN",0.0451379653692371,1,"0.04514","*","Wilcoxon"
"212","Mean_Orange_Norm","LNG3","C4OPN",0.00560545311317504,1,"0.00561","**","Wilcoxon"
"213","Mean_Orange_Norm","LNG3","C1",0.24212025111204,1,"0.24212","ns","Wilcoxon"
"214","Mean_Orange_Norm","LNG3","OPNG3",0.356743828845175,1,"0.35674","ns","Wilcoxon"
"215","Mean_Orange_Norm","LNG3","C4",0.376821048188667,1,"0.37682","ns","Wilcoxon"
"216","Mean_Orange_Norm","LNG3","HAOPN",0.0604828106573747,1,"0.06048","ns","Wilcoxon"
"217","Mean_Orange_Norm","LNG3","FN",0.158534614404342,1,"0.15853","ns","Wilcoxon"
"218","Mean_Orange_Norm","LNG3","OPNDN",0.130408051257648,1,"0.13041","ns","Wilcoxon"
"219","Mean_Orange_Norm","LNG3","OPNFN",0.0991594894325197,1,"0.09916","ns","Wilcoxon"
"220","Mean_Orange_Norm","LNG3","LNDN",0.844715487085281,1,"0.84472","ns","Wilcoxon"
"221","Mean_Orange_Norm","LNG3","LNFN",0.0705075145057772,1,"0.07051","ns","Wilcoxon"
"222","Mean_Orange_Norm","LNG3","C1G3",0.148624037809084,1,"0.14862","ns","Wilcoxon"
"223","Mean_Orange_Norm","LNG3","C4HA",0.0287020196981533,1,"0.02870","*","Wilcoxon"
"224","Mean_Orange_Norm","LNG3","G3FN",0.0052131787325828,1,"0.00521","**","Wilcoxon"
"225","Mean_Orange_Norm","LNG3","C4FN",0.00044626081431999,0.44,"0.00045","***","Wilcoxon"
"226","Mean_Orange_Norm","LNG3","C1OPN",0.119597513688433,1,"0.11960","ns","Wilcoxon"
"227","Mean_Orange_Norm","LNG3","DNFN",0.00581126976458003,1,"0.00581","**","Wilcoxon"
"228","Mean_Orange_Norm","LNG3","C4G3",0.000511525924106333,0.5,"0.00051","***","Wilcoxon"
"229","Mean_Orange_Norm","LNG3","LNHA",0.161793195664661,1,"0.16179","ns","Wilcoxon"
"230","Mean_Orange_Norm","LNG3","G3",0.533009039669929,1,"0.53301","ns","Wilcoxon"
"231","Mean_Orange_Norm","LNG3","DNG3",0.0104972639538417,1,"0.01050","*","Wilcoxon"
"232","Mean_Orange_Norm","LNG3","C1LN",0.00296970144912877,1,"0.00297","**","Wilcoxon"
"233","Mean_Orange_Norm","LNG3","TCG3",0.0240158805407346,1,"0.02402","*","Wilcoxon"
"234","Mean_Orange_Norm","LNG3","TCFN",0.0439202355522263,1,"0.04392","*","Wilcoxon"
"235","Mean_Orange_Norm","LNG3","C1TC",0.023302261745431,1,"0.02330","*","Wilcoxon"
"236","Mean_Orange_Norm","LNG3","C4LN",0.000156478044509315,0.15,"0.00016","***","Wilcoxon"
"237","Mean_Orange_Norm","LNG3","C1FN",0.0200004505747902,1,"0.02000","*","Wilcoxon"
"238","Mean_Orange_Norm","LNG3","C4TC",0.000559789741509417,0.55,"0.00056","***","Wilcoxon"
"239","Mean_Orange_Norm","LNG3","C4DN",5.59860281122796e-05,0.055,"5.6e-05","****","Wilcoxon"
"240","Mean_Orange_Norm","LNG3","TCOPN",0.0451379653692371,1,"0.04514","*","Wilcoxon"
"241","Mean_Orange_Norm","LNG3","TCHA",0.349170896957122,1,"0.34917","ns","Wilcoxon"
"242","Mean_Orange_Norm","LNG3","C1HA",0.00885879389388237,1,"0.00886","**","Wilcoxon"
"243","Mean_Orange_Norm","LNG3","LNTC",0.0112236927939186,1,"0.01122","*","Wilcoxon"
"244","Mean_Orange_Norm","LNG3","HA",0.715693891923365,1,"0.71569","ns","Wilcoxon"
"245","Mean_Orange_Norm","LNG3","HADN",0.0108551513264433,1,"0.01086","*","Wilcoxon"
"246","Mean_Orange_Norm","LNG3","LNOPN",0.050293197640079,1,"0.05029","ns","Wilcoxon"
"247","Mean_Orange_Norm","LNG3","TC",0.0382598499646109,1,"0.03826","*","Wilcoxon"
"248","Mean_Orange_Norm","LNG3","DN",0.0215353909976265,1,"0.02154","*","Wilcoxon"
"249","Mean_Orange_Norm","LNG3","OPN",0.0644827164559267,1,"0.06448","ns","Wilcoxon"
"250","Mean_Orange_Norm","TCDN","C4OPN",0.378886189129863,1,"0.37889","ns","Wilcoxon"
"251","Mean_Orange_Norm","TCDN","C1",0.860172477971753,1,"0.86017","ns","Wilcoxon"
"252","Mean_Orange_Norm","TCDN","OPNG3",0.185226157809338,1,"0.18523","ns","Wilcoxon"
"253","Mean_Orange_Norm","TCDN","C4",0.698201912318717,1,"0.69820","ns","Wilcoxon"
"254","Mean_Orange_Norm","TCDN","HAOPN",0.92421250737285,1,"0.92421","ns","Wilcoxon"
"255","Mean_Orange_Norm","TCDN","FN",0.823420278524008,1,"0.82342","ns","Wilcoxon"
"256","Mean_Orange_Norm","TCDN","OPNDN",0.82723098755764,1,"0.82723","ns","Wilcoxon"
"257","Mean_Orange_Norm","TCDN","OPNFN",0.783905785703094,1,"0.78391","ns","Wilcoxon"
"258","Mean_Orange_Norm","TCDN","LNDN",0.0322402320522086,1,"0.03224","*","Wilcoxon"
"259","Mean_Orange_Norm","TCDN","LNFN",0.92421250737285,1,"0.92421","ns","Wilcoxon"
"260","Mean_Orange_Norm","TCDN","C1G3",0.626210224856287,1,"0.62621","ns","Wilcoxon"
"261","Mean_Orange_Norm","TCDN","C4HA",0.682811848756015,1,"0.68281","ns","Wilcoxon"
"262","Mean_Orange_Norm","TCDN","G3FN",0.422980386601613,1,"0.42298","ns","Wilcoxon"
"263","Mean_Orange_Norm","TCDN","C4FN",0.0991594894325197,1,"0.09916","ns","Wilcoxon"
"264","Mean_Orange_Norm","TCDN","C1OPN",0.693297141792482,1,"0.69330","ns","Wilcoxon"
"265","Mean_Orange_Norm","TCDN","DNFN",0.264226587073783,1,"0.26423","ns","Wilcoxon"
"266","Mean_Orange_Norm","TCDN","C4G3",0.0968480433044131,1,"0.09685","ns","Wilcoxon"
"267","Mean_Orange_Norm","TCDN","LNHA",0.674607752461998,1,"0.67461","ns","Wilcoxon"
"268","Mean_Orange_Norm","TCDN","G3",0.613215774183149,1,"0.61322","ns","Wilcoxon"
"269","Mean_Orange_Norm","TCDN","DNG3",0.410088875620328,1,"0.41009","ns","Wilcoxon"
"270","Mean_Orange_Norm","TCDN","C1LN",0.218941339778081,1,"0.21894","ns","Wilcoxon"
"271","Mean_Orange_Norm","TCDN","TCG3",0.741232281214897,1,"0.74123","ns","Wilcoxon"
"272","Mean_Orange_Norm","TCDN","TCFN",0.82723098755764,1,"0.82723","ns","Wilcoxon"
"273","Mean_Orange_Norm","TCDN","C1TC",0.835963232532224,1,"0.83596","ns","Wilcoxon"
"274","Mean_Orange_Norm","TCDN","C4LN",0.0341433931537881,1,"0.03414","*","Wilcoxon"
"275","Mean_Orange_Norm","TCDN","C1FN",0.732786476675634,1,"0.73279","ns","Wilcoxon"
"276","Mean_Orange_Norm","TCDN","C4TC",0.0968480433044131,1,"0.09685","ns","Wilcoxon"
"277","Mean_Orange_Norm","TCDN","C4DN",0.0206265209074269,1,"0.02063","*","Wilcoxon"
"278","Mean_Orange_Norm","TCDN","TCOPN",0.801164600933215,1,"0.80116","ns","Wilcoxon"
"279","Mean_Orange_Norm","TCDN","TCHA",0.366820336669132,1,"0.36682","ns","Wilcoxon"
"280","Mean_Orange_Norm","TCDN","C1HA",0.497942256922236,1,"0.49794","ns","Wilcoxon"
"281","Mean_Orange_Norm","TCDN","LNTC",0.618289273602765,1,"0.61829","ns","Wilcoxon"
"282","Mean_Orange_Norm","TCDN","HA",0.119875252232211,1,"0.11988","ns","Wilcoxon"
"283","Mean_Orange_Norm","TCDN","HADN",0.626210224856287,1,"0.62621","ns","Wilcoxon"
"284","Mean_Orange_Norm","TCDN","LNOPN",0.92421250737285,1,"0.92421","ns","Wilcoxon"
"285","Mean_Orange_Norm","TCDN","TC",0.458337469330101,1,"0.45834","ns","Wilcoxon"
"286","Mean_Orange_Norm","TCDN","DN",0.18896812454189,1,"0.18897","ns","Wilcoxon"
"287","Mean_Orange_Norm","TCDN","OPN",0.580513163465157,1,"0.58051","ns","Wilcoxon"
"288","Mean_Orange_Norm","C4OPN","C1",0.472798954585869,1,"0.47280","ns","Wilcoxon"
"289","Mean_Orange_Norm","C4OPN","OPNG3",0.0239015509175942,1,"0.02390","*","Wilcoxon"
"290","Mean_Orange_Norm","C4OPN","C4",0.444120625764159,1,"0.44412","ns","Wilcoxon"
"291","Mean_Orange_Norm","C4OPN","HAOPN",0.34340810810433,1,"0.34341","ns","Wilcoxon"
"292","Mean_Orange_Norm","C4OPN","FN",0.733332244321382,1,"0.73333","ns","Wilcoxon"
"293","Mean_Orange_Norm","C4OPN","OPNDN",0.304761991314993,1,"0.30476","ns","Wilcoxon"
"294","Mean_Orange_Norm","C4OPN","OPNFN",0.320961235546248,1,"0.32096","ns","Wilcoxon"
"295","Mean_Orange_Norm","C4OPN","LNDN",0.00359562939040752,1,"0.00360","**","Wilcoxon"
"296","Mean_Orange_Norm","C4OPN","LNFN",0.366820336669132,1,"0.36682","ns","Wilcoxon"
"297","Mean_Orange_Norm","C4OPN","C1G3",0.124732275265831,1,"0.12473","ns","Wilcoxon"
"298","Mean_Orange_Norm","C4OPN","C4HA",0.505086575956326,1,"0.50509","ns","Wilcoxon"
"299","Mean_Orange_Norm","C4OPN","G3FN",0.959834211465561,1,"0.95983","ns","Wilcoxon"
"300","Mean_Orange_Norm","C4OPN","C4FN",0.469904287681697,1,"0.46990","ns","Wilcoxon"
"301","Mean_Orange_Norm","C4OPN","C1OPN",0.205127859983423,1,"0.20513","ns","Wilcoxon"
"302","Mean_Orange_Norm","C4OPN","DNFN",0.766751307087181,1,"0.76675","ns","Wilcoxon"
"303","Mean_Orange_Norm","C4OPN","C4G3",0.512283856474465,1,"0.51228","ns","Wilcoxon"
"304","Mean_Orange_Norm","C4OPN","LNHA",0.194570134314844,1,"0.19457","ns","Wilcoxon"
"305","Mean_Orange_Norm","C4OPN","G3",0.29359011485156,1,"0.29359","ns","Wilcoxon"
"306","Mean_Orange_Norm","C4OPN","DNG3",0.995535294657666,1,"0.99554","ns","Wilcoxon"
"307","Mean_Orange_Norm","C4OPN","C1LN",0.626210224856287,1,"0.62621","ns","Wilcoxon"
"308","Mean_Orange_Norm","C4OPN","TCG3",0.534188246190404,1,"0.53419","ns","Wilcoxon"
"309","Mean_Orange_Norm","C4OPN","TCFN",0.456215201814081,1,"0.45622","ns","Wilcoxon"
"310","Mean_Orange_Norm","C4OPN","C1TC",0.337705673775654,1,"0.33771","ns","Wilcoxon"
"311","Mean_Orange_Norm","C4OPN","C4LN",0.210588214814081,1,"0.21059","ns","Wilcoxon"
"312","Mean_Orange_Norm","C4OPN","C1FN",0.587048376675425,1,"0.58705","ns","Wilcoxon"
"313","Mean_Orange_Norm","C4OPN","C4TC",0.416505575475812,1,"0.41651","ns","Wilcoxon"
"314","Mean_Orange_Norm","C4OPN","C4DN",0.124732275265831,1,"0.12473","ns","Wilcoxon"
"315","Mean_Orange_Norm","C4OPN","TCOPN",0.634173989021017,1,"0.63417","ns","Wilcoxon"
"316","Mean_Orange_Norm","C4OPN","TCHA",0.0880247415509068,1,"0.08802","ns","Wilcoxon"
"317","Mean_Orange_Norm","C4OPN","C1HA",0.749708984122599,1,"0.74971","ns","Wilcoxon"
"318","Mean_Orange_Norm","C4OPN","LNTC",0.618289273602765,1,"0.61829","ns","Wilcoxon"
"319","Mean_Orange_Norm","C4OPN","HA",0.0359891674935642,1,"0.03599","*","Wilcoxon"
"320","Mean_Orange_Norm","C4OPN","HADN",0.758215643555916,1,"0.75822","ns","Wilcoxon"
"321","Mean_Orange_Norm","C4OPN","LNOPN",0.337705673775654,1,"0.33771","ns","Wilcoxon"
"322","Mean_Orange_Norm","C4OPN","TC",0.915833605877079,1,"0.91583","ns","Wilcoxon"
"323","Mean_Orange_Norm","C4OPN","DN",0.487501269365729,1,"0.48750","ns","Wilcoxon"
"324","Mean_Orange_Norm","C4OPN","OPN",0.953182357072573,1,"0.95318","ns","Wilcoxon"
"325","Mean_Orange_Norm","C1","OPNG3",0.655916140195581,1,"0.65592","ns","Wilcoxon"
"326","Mean_Orange_Norm","C1","C4",0.712535075639127,1,"0.71254","ns","Wilcoxon"
"327","Mean_Orange_Norm","C1","HAOPN",0.841754419635972,1,"0.84175","ns","Wilcoxon"
"328","Mean_Orange_Norm","C1","FN",0.88738593483512,1,"0.88739","ns","Wilcoxon"
"329","Mean_Orange_Norm","C1","OPNDN",0.990631436257644,1,"0.99063","ns","Wilcoxon"
"330","Mean_Orange_Norm","C1","OPNFN",0.953182357072573,1,"0.95318","ns","Wilcoxon"
"331","Mean_Orange_Norm","C1","LNDN",0.24212025111204,1,"0.24212","ns","Wilcoxon"
"332","Mean_Orange_Norm","C1","LNFN",0.841754419635972,1,"0.84175","ns","Wilcoxon"
"333","Mean_Orange_Norm","C1","C1G3",0.841754419635972,1,"0.84175","ns","Wilcoxon"
"334","Mean_Orange_Norm","C1","C4HA",0.629857967489692,1,"0.62986","ns","Wilcoxon"
"335","Mean_Orange_Norm","C1","G3FN",0.416435054412203,1,"0.41644","ns","Wilcoxon"
"336","Mean_Orange_Norm","C1","C4FN",0.232617550975523,1,"0.23262","ns","Wilcoxon"
"337","Mean_Orange_Norm","C1","C1OPN",1,1,"1.00000","ns","Wilcoxon"
"338","Mean_Orange_Norm","C1","DNFN",0.389767066228048,1,"0.38977","ns","Wilcoxon"
"339","Mean_Orange_Norm","C1","C4G3",0.232617550975523,1,"0.23262","ns","Wilcoxon"
"340","Mean_Orange_Norm","C1","LNHA",0.971899386617653,1,"0.97190","ns","Wilcoxon"
"341","Mean_Orange_Norm","C1","G3",0.670659532955939,1,"0.67066","ns","Wilcoxon"
"342","Mean_Orange_Norm","C1","DNG3",0.458337469330101,1,"0.45834","ns","Wilcoxon"
"343","Mean_Orange_Norm","C1","C1LN",0.376821048188667,1,"0.37682","ns","Wilcoxon"
"344","Mean_Orange_Norm","C1","TCG3",0.663689669649045,1,"0.66369","ns","Wilcoxon"
"345","Mean_Orange_Norm","C1","TCFN",0.733332244321382,1,"0.73333","ns","Wilcoxon"
"346","Mean_Orange_Norm","C1","C1TC",0.596765262531775,1,"0.59677","ns","Wilcoxon"
"347","Mean_Orange_Norm","C1","C4LN",0.158534614404342,1,"0.15853","ns","Wilcoxon"
"348","Mean_Orange_Norm","C1","C1FN",0.613215774183149,1,"0.61322","ns","Wilcoxon"
"349","Mean_Orange_Norm","C1","C4TC",0.232617550975523,1,"0.23262","ns","Wilcoxon"
"350","Mean_Orange_Norm","C1","C4DN",0.144745430386968,1,"0.14475","ns","Wilcoxon"
"351","Mean_Orange_Norm","C1","TCOPN",0.823420278524008,1,"0.82342","ns","Wilcoxon"
"352","Mean_Orange_Norm","C1","TCHA",0.698201912318717,1,"0.69820","ns","Wilcoxon"
"353","Mean_Orange_Norm","C1","C1HA",0.458337469330101,1,"0.45834","ns","Wilcoxon"
"354","Mean_Orange_Norm","C1","LNTC",0.533009039669929,1,"0.53301","ns","Wilcoxon"
"355","Mean_Orange_Norm","C1","HA",0.241523787828809,1,"0.24152","ns","Wilcoxon"
"356","Mean_Orange_Norm","C1","HADN",0.646685024538501,1,"0.64669","ns","Wilcoxon"
"357","Mean_Orange_Norm","C1","LNOPN",0.805179386797145,1,"0.80518","ns","Wilcoxon"
"358","Mean_Orange_Norm","C1","TC",0.477575258232143,1,"0.47758","ns","Wilcoxon"
"359","Mean_Orange_Norm","C1","DN",0.347357918699957,1,"0.34736","ns","Wilcoxon"
"360","Mean_Orange_Norm","C1","OPN",0.551167166391288,1,"0.55117","ns","Wilcoxon"
"361","Mean_Orange_Norm","OPNG3","C4",0.604475564436384,1,"0.60448","ns","Wilcoxon"
"362","Mean_Orange_Norm","OPNG3","HAOPN",0.173983133050535,1,"0.17398","ns","Wilcoxon"
"363","Mean_Orange_Norm","OPNG3","FN",0.240235060487565,1,"0.24024","ns","Wilcoxon"
"364","Mean_Orange_Norm","OPNG3","OPNDN",0.289334163292749,1,"0.28933","ns","Wilcoxon"
"365","Mean_Orange_Norm","OPNG3","OPNFN",0.327552112765255,1,"0.32755","ns","Wilcoxon"
"366","Mean_Orange_Norm","OPNG3","LNDN",0.310793903676284,1,"0.31079","ns","Wilcoxon"
"367","Mean_Orange_Norm","OPNG3","LNFN",0.196990602354162,1,"0.19699","ns","Wilcoxon"
"368","Mean_Orange_Norm","OPNG3","C1G3",0.42644513744218,1,"0.42645","ns","Wilcoxon"
"369","Mean_Orange_Norm","OPNG3","C4HA",0.0629912099555988,1,"0.06299","ns","Wilcoxon"
"370","Mean_Orange_Norm","OPNG3","G3FN",0.0143522452310811,1,"0.01435","*","Wilcoxon"
"371","Mean_Orange_Norm","OPNG3","C4FN",0.000692541520440389,0.68,"0.00069","***","Wilcoxon"
"372","Mean_Orange_Norm","OPNG3","C1OPN",0.400054012127594,1,"0.40005","ns","Wilcoxon"
"373","Mean_Orange_Norm","OPNG3","DNFN",0.00923387745721132,1,"0.00923","**","Wilcoxon"
"374","Mean_Orange_Norm","OPNG3","C4G3",0.000945768446224032,0.92,"0.00095","***","Wilcoxon"
"375","Mean_Orange_Norm","OPNG3","LNHA",0.467550850855609,1,"0.46755","ns","Wilcoxon"
"376","Mean_Orange_Norm","OPNG3","G3",0.990400623929102,1,"0.99040","ns","Wilcoxon"
"377","Mean_Orange_Norm","OPNG3","DNG3",0.0217804719634045,1,"0.02178","*","Wilcoxon"
"378","Mean_Orange_Norm","OPNG3","C1LN",0.00341221812084836,1,"0.00341","**","Wilcoxon"
"379","Mean_Orange_Norm","OPNG3","TCG3",0.0613531404308386,1,"0.06135","ns","Wilcoxon"
"380","Mean_Orange_Norm","OPNG3","TCFN",0.209285745797331,1,"0.20929","ns","Wilcoxon"
"381","Mean_Orange_Norm","OPNG3","C1TC",0.0551453518956128,1,"0.05515","ns","Wilcoxon"
"382","Mean_Orange_Norm","OPNG3","C4LN",0.000212230195604006,0.21,"0.00021","***","Wilcoxon"
"383","Mean_Orange_Norm","OPNG3","C1FN",0.0494637521651333,1,"0.04946","*","Wilcoxon"
"384","Mean_Orange_Norm","OPNG3","C4TC",0.000661935494566157,0.65,"0.00066","***","Wilcoxon"
"385","Mean_Orange_Norm","OPNG3","C4DN",5.48817062271862e-05,0.054,"5.5e-05","****","Wilcoxon"
"386","Mean_Orange_Norm","OPNG3","TCOPN",0.106410959189223,1,"0.10641","ns","Wilcoxon"
"387","Mean_Orange_Norm","OPNG3","TCHA",0.693297141792482,1,"0.69330","ns","Wilcoxon"
"388","Mean_Orange_Norm","OPNG3","C1HA",0.038435333289041,1,"0.03844","*","Wilcoxon"
"389","Mean_Orange_Norm","OPNG3","LNTC",0.044275532682674,1,"0.04428","*","Wilcoxon"
"390","Mean_Orange_Norm","OPNG3","HA",0.270935614996609,1,"0.27094","ns","Wilcoxon"
"391","Mean_Orange_Norm","OPNG3","HADN",0.0254117676920976,1,"0.02541","*","Wilcoxon"
"392","Mean_Orange_Norm","OPNG3","LNOPN",0.189089228601576,1,"0.18909","ns","Wilcoxon"
"393","Mean_Orange_Norm","OPNG3","TC",0.0726431103124646,1,"0.07264","ns","Wilcoxon"
"394","Mean_Orange_Norm","OPNG3","DN",0.0196775792659025,1,"0.01968","*","Wilcoxon"
"395","Mean_Orange_Norm","OPNG3","OPN",0.0854942993535934,1,"0.08549","ns","Wilcoxon"
"396","Mean_Orange_Norm","C4","HAOPN",0.860172477971753,1,"0.86017","ns","Wilcoxon"
"397","Mean_Orange_Norm","C4","FN",0.798745338656498,1,"0.79875","ns","Wilcoxon"
"398","Mean_Orange_Norm","C4","OPNDN",0.971899386617653,1,"0.97190","ns","Wilcoxon"
"399","Mean_Orange_Norm","C4","OPNFN",0.990631436257643,1,"0.99063","ns","Wilcoxon"
"400","Mean_Orange_Norm","C4","LNDN",0.28276506931617,1,"0.28277","ns","Wilcoxon"
"401","Mean_Orange_Norm","C4","LNFN",0.897221795310064,1,"0.89722","ns","Wilcoxon"
"402","Mean_Orange_Norm","C4","C1G3",0.934490469322327,1,"0.93449","ns","Wilcoxon"
"403","Mean_Orange_Norm","C4","C4HA",0.698201912318717,1,"0.69820","ns","Wilcoxon"
"404","Mean_Orange_Norm","C4","G3FN",0.487501269365729,1,"0.48750","ns","Wilcoxon"
"405","Mean_Orange_Norm","C4","C4FN",0.24212025111204,1,"0.24212","ns","Wilcoxon"
"406","Mean_Orange_Norm","C4","C1OPN",1,1,"1.00000","ns","Wilcoxon"
"407","Mean_Orange_Norm","C4","DNFN",0.416435054412203,1,"0.41644","ns","Wilcoxon"
"408","Mean_Orange_Norm","C4","C4G3",0.232617550975523,1,"0.23262","ns","Wilcoxon"
"409","Mean_Orange_Norm","C4","LNHA",0.953182357072573,1,"0.95318","ns","Wilcoxon"
"410","Mean_Orange_Norm","C4","G3",1,1,"1.00000","ns","Wilcoxon"
"411","Mean_Orange_Norm","C4","DNG3",0.487501269365729,1,"0.48750","ns","Wilcoxon"
"412","Mean_Orange_Norm","C4","C1LN",0.316040621352718,1,"0.31604","ns","Wilcoxon"
"413","Mean_Orange_Norm","C4","TCG3",0.663689669649045,1,"0.66369","ns","Wilcoxon"
"414","Mean_Orange_Norm","C4","TCFN",0.629857967489692,1,"0.62986","ns","Wilcoxon"
"415","Mean_Orange_Norm","C4","C1TC",0.787041131964464,1,"0.78704","ns","Wilcoxon"
"416","Mean_Orange_Norm","C4","C4LN",0.131869478038465,1,"0.13187","ns","Wilcoxon"
"417","Mean_Orange_Norm","C4","C1FN",0.805179386797145,1,"0.80518","ns","Wilcoxon"
"418","Mean_Orange_Norm","C4","C4TC",0.205663926813061,1,"0.20566","ns","Wilcoxon"
"419","Mean_Orange_Norm","C4","C4DN",0.138195210155056,1,"0.13820","ns","Wilcoxon"
"420","Mean_Orange_Norm","C4","TCOPN",0.805179386797145,1,"0.80518","ns","Wilcoxon"
"421","Mean_Orange_Norm","C4","TCHA",0.823420278524008,1,"0.82342","ns","Wilcoxon"
"422","Mean_Orange_Norm","C4","C1HA",0.533009039669929,1,"0.53301","ns","Wilcoxon"
"423","Mean_Orange_Norm","C4","LNTC",0.548629135719169,1,"0.54863","ns","Wilcoxon"
"424","Mean_Orange_Norm","C4","HA",0.477575258232143,1,"0.47758","ns","Wilcoxon"
"425","Mean_Orange_Norm","C4","HADN",0.596765262531775,1,"0.59677","ns","Wilcoxon"
"426","Mean_Orange_Norm","C4","LNOPN",0.823420278524008,1,"0.82342","ns","Wilcoxon"
"427","Mean_Orange_Norm","C4","TC",0.477575258232143,1,"0.47758","ns","Wilcoxon"
"428","Mean_Orange_Norm","C4","DN",0.347357918699957,1,"0.34736","ns","Wilcoxon"
"429","Mean_Orange_Norm","C4","OPN",0.589875732021377,1,"0.58988","ns","Wilcoxon"
"430","Mean_Orange_Norm","HAOPN","FN",0.75110868944768,1,"0.75111","ns","Wilcoxon"
"431","Mean_Orange_Norm","HAOPN","OPNDN",0.906453353579042,1,"0.90645","ns","Wilcoxon"
"432","Mean_Orange_Norm","HAOPN","OPNFN",0.959834211465561,1,"0.95983","ns","Wilcoxon"
"433","Mean_Orange_Norm","HAOPN","LNDN",0.0382348665576617,1,"0.03823","*","Wilcoxon"
"434","Mean_Orange_Norm","HAOPN","LNFN",0.98660643613939,1,"0.98661","ns","Wilcoxon"
"435","Mean_Orange_Norm","HAOPN","C1G3",0.556549802849306,1,"0.55655","ns","Wilcoxon"
"436","Mean_Orange_Norm","HAOPN","C4HA",0.715991275320253,1,"0.71599","ns","Wilcoxon"
"437","Mean_Orange_Norm","HAOPN","G3FN",0.294265493106756,1,"0.29427","ns","Wilcoxon"
"438","Mean_Orange_Norm","HAOPN","C4FN",0.0705075145057772,1,"0.07051","ns","Wilcoxon"
"439","Mean_Orange_Norm","HAOPN","C1OPN",0.676485421132337,1,"0.67649","ns","Wilcoxon"
"440","Mean_Orange_Norm","HAOPN","DNFN",0.245401784452239,1,"0.24540","ns","Wilcoxon"
"441","Mean_Orange_Norm","HAOPN","C4G3",0.0544714132260457,1,"0.05447","ns","Wilcoxon"
"442","Mean_Orange_Norm","HAOPN","LNHA",0.650226883938417,1,"0.65023","ns","Wilcoxon"
"443","Mean_Orange_Norm","HAOPN","G3",0.629857967489692,1,"0.62986","ns","Wilcoxon"
"444","Mean_Orange_Norm","HAOPN","DNG3",0.385008497472917,1,"0.38501","ns","Wilcoxon"
"445","Mean_Orange_Norm","HAOPN","C1LN",0.119248590802994,1,"0.11925","ns","Wilcoxon"
"446","Mean_Orange_Norm","HAOPN","TCG3",0.699330691608883,1,"0.69933","ns","Wilcoxon"
"447","Mean_Orange_Norm","HAOPN","TCFN",0.906453353579042,1,"0.90645","ns","Wilcoxon"
"448","Mean_Orange_Norm","HAOPN","C1TC",0.844715487085281,1,"0.84472","ns","Wilcoxon"
"449","Mean_Orange_Norm","HAOPN","C4LN",0.0219293789998997,1,"0.02193","*","Wilcoxon"
"450","Mean_Orange_Norm","HAOPN","C1FN",0.7753150120193,1,"0.77532","ns","Wilcoxon"
"451","Mean_Orange_Norm","HAOPN","C4TC",0.0687490441288069,1,"0.06875","ns","Wilcoxon"
"452","Mean_Orange_Norm","HAOPN","C4DN",0.00798779258431328,1,"0.00799","**","Wilcoxon"
"453","Mean_Orange_Norm","HAOPN","TCOPN",0.666441672753929,1,"0.66644","ns","Wilcoxon"
"454","Mean_Orange_Norm","HAOPN","TCHA",0.410088875620328,1,"0.41009","ns","Wilcoxon"
"455","Mean_Orange_Norm","HAOPN","C1HA",0.526835230206375,1,"0.52684","ns","Wilcoxon"
"456","Mean_Orange_Norm","HAOPN","LNTC",0.54159206936963,1,"0.54159","ns","Wilcoxon"
"457","Mean_Orange_Norm","HAOPN","HA",0.0983976172937687,1,"0.09840","ns","Wilcoxon"
"458","Mean_Orange_Norm","HAOPN","HADN",0.449454594263529,1,"0.44945","ns","Wilcoxon"
"459","Mean_Orange_Norm","HAOPN","LNOPN",0.977679233917821,1,"0.97768","ns","Wilcoxon"
"460","Mean_Orange_Norm","HAOPN","TC",0.389767066228048,1,"0.38977","ns","Wilcoxon"
"461","Mean_Orange_Norm","HAOPN","DN",0.158534614404342,1,"0.15853","ns","Wilcoxon"
"462","Mean_Orange_Norm","HAOPN","OPN",0.472798954585869,1,"0.47280","ns","Wilcoxon"
"463","Mean_Orange_Norm","FN","OPNDN",0.787041131964464,1,"0.78704","ns","Wilcoxon"
"464","Mean_Orange_Norm","FN","OPNFN",0.733332244321382,1,"0.73333","ns","Wilcoxon"
"465","Mean_Orange_Norm","FN","LNDN",0.0983976172937687,1,"0.09840","ns","Wilcoxon"
"466","Mean_Orange_Norm","FN","LNFN",0.805179386797145,1,"0.80518","ns","Wilcoxon"
"467","Mean_Orange_Norm","FN","C1G3",0.416435054412203,1,"0.41644","ns","Wilcoxon"
"468","Mean_Orange_Norm","FN","C4HA",0.897221795310064,1,"0.89722","ns","Wilcoxon"
"469","Mean_Orange_Norm","FN","G3FN",0.769014545046997,1,"0.76901","ns","Wilcoxon"
"470","Mean_Orange_Norm","FN","C4FN",0.376821048188667,1,"0.37682","ns","Wilcoxon"
"471","Mean_Orange_Norm","FN","C1OPN",0.655916140195581,1,"0.65592","ns","Wilcoxon"
"472","Mean_Orange_Norm","FN","DNFN",0.663689669649045,1,"0.66369","ns","Wilcoxon"
"473","Mean_Orange_Norm","FN","C4G3",0.351714826888671,1,"0.35171","ns","Wilcoxon"
"474","Mean_Orange_Norm","FN","LNHA",0.580513163465157,1,"0.58051","ns","Wilcoxon"
"475","Mean_Orange_Norm","FN","G3",0.755284828242158,1,"0.75528","ns","Wilcoxon"
"476","Mean_Orange_Norm","FN","DNG3",0.805179386797145,1,"0.80518","ns","Wilcoxon"
"477","Mean_Orange_Norm","FN","C1LN",0.517611005016383,1,"0.51761","ns","Wilcoxon"
"478","Mean_Orange_Norm","FN","TCG3",0.971899386617653,1,"0.97190","ns","Wilcoxon"
"479","Mean_Orange_Norm","FN","TCFN",0.841754419635972,1,"0.84175","ns","Wilcoxon"
"480","Mean_Orange_Norm","FN","C1TC",0.715693891923365,1,"0.71569","ns","Wilcoxon"
"481","Mean_Orange_Norm","FN","C4LN",0.28276506931617,1,"0.28277","ns","Wilcoxon"
"482","Mean_Orange_Norm","FN","C1FN",0.860172477971753,1,"0.86017","ns","Wilcoxon"
"483","Mean_Orange_Norm","FN","C4TC",0.364136382051389,1,"0.36414","ns","Wilcoxon"
"484","Mean_Orange_Norm","FN","C4DN",0.214391429733039,1,"0.21439","ns","Wilcoxon"
"485","Mean_Orange_Norm","FN","TCOPN",0.971899386617653,1,"0.97190","ns","Wilcoxon"
"486","Mean_Orange_Norm","FN","TCHA",0.43015209533028,1,"0.43015","ns","Wilcoxon"
"487","Mean_Orange_Norm","FN","C1HA",0.990631436257644,1,"0.99063","ns","Wilcoxon"
"488","Mean_Orange_Norm","FN","LNTC",0.971899386617653,1,"0.97190","ns","Wilcoxon"
"489","Mean_Orange_Norm","FN","HA",0.178182027959925,1,"0.17818","ns","Wilcoxon"
"490","Mean_Orange_Norm","FN","HADN",0.897221795310064,1,"0.89722","ns","Wilcoxon"
"491","Mean_Orange_Norm","FN","LNOPN",0.805179386797145,1,"0.80518","ns","Wilcoxon"
"492","Mean_Orange_Norm","FN","TC",0.842835990231333,1,"0.84284","ns","Wilcoxon"
"493","Mean_Orange_Norm","FN","DN",0.442833179742589,1,"0.44283","ns","Wilcoxon"
"494","Mean_Orange_Norm","FN","OPN",0.842835990231333,1,"0.84284","ns","Wilcoxon"
"495","Mean_Orange_Norm","OPNDN","OPNFN",0.959834211465561,1,"0.95983","ns","Wilcoxon"
"496","Mean_Orange_Norm","OPNDN","LNDN",0.0901681882094608,1,"0.09017","ns","Wilcoxon"
"497","Mean_Orange_Norm","OPNDN","LNFN",0.888740268322265,1,"0.88874","ns","Wilcoxon"
"498","Mean_Orange_Norm","OPNDN","C1G3",0.801164600933215,1,"0.80116","ns","Wilcoxon"
"499","Mean_Orange_Norm","OPNDN","C4HA",0.626210224856287,1,"0.62621","ns","Wilcoxon"
"500","Mean_Orange_Norm","OPNDN","G3FN",0.254694766415039,1,"0.25469","ns","Wilcoxon"
"501","Mean_Orange_Norm","OPNDN","C4FN",0.0604828106573747,1,"0.06048","ns","Wilcoxon"
"502","Mean_Orange_Norm","OPNDN","C1OPN",0.805894092083605,1,"0.80589","ns","Wilcoxon"
"503","Mean_Orange_Norm","OPNDN","DNFN",0.194570134314844,1,"0.19457","ns","Wilcoxon"
"504","Mean_Orange_Norm","OPNDN","C4G3",0.0670263131237601,1,"0.06703","ns","Wilcoxon"
"505","Mean_Orange_Norm","OPNDN","LNHA",0.879903698646855,1,"0.87990","ns","Wilcoxon"
"506","Mean_Orange_Norm","OPNDN","G3",0.787041131964464,1,"0.78704","ns","Wilcoxon"
"507","Mean_Orange_Norm","OPNDN","DNG3",0.326482179374075,1,"0.32648","ns","Wilcoxon"
"508","Mean_Orange_Norm","OPNDN","C1LN",0.139289851139585,1,"0.13929","ns","Wilcoxon"
"509","Mean_Orange_Norm","OPNDN","TCG3",0.549046120177534,1,"0.54905","ns","Wilcoxon"
"510","Mean_Orange_Norm","OPNDN","TCFN",0.766751307087181,1,"0.76675","ns","Wilcoxon"
"511","Mean_Orange_Norm","OPNDN","C1TC",0.766751307087181,1,"0.76675","ns","Wilcoxon"
"512","Mean_Orange_Norm","OPNDN","C4LN",0.0304275549519711,1,"0.03043","*","Wilcoxon"
"513","Mean_Orange_Norm","OPNDN","C1FN",0.556549802849306,1,"0.55655","ns","Wilcoxon"
"514","Mean_Orange_Norm","OPNDN","C4TC",0.0880247415509068,1,"0.08802","ns","Wilcoxon"
"515","Mean_Orange_Norm","OPNDN","C4DN",0.0119937899491009,1,"0.01199","*","Wilcoxon"
"516","Mean_Orange_Norm","OPNDN","TCOPN",0.56410250553897,1,"0.56410","ns","Wilcoxon"
"517","Mean_Orange_Norm","OPNDN","TCHA",0.556549802849306,1,"0.55655","ns","Wilcoxon"
"518","Mean_Orange_Norm","OPNDN","C1HA",0.463031898364332,1,"0.46303","ns","Wilcoxon"
"519","Mean_Orange_Norm","OPNDN","LNTC",0.469904287681697,1,"0.46990","ns","Wilcoxon"
"520","Mean_Orange_Norm","OPNDN","HA",0.158534614404342,1,"0.15853","ns","Wilcoxon"
"521","Mean_Orange_Norm","OPNDN","HADN",0.469904287681697,1,"0.46990","ns","Wilcoxon"
"522","Mean_Orange_Norm","OPNDN","LNOPN",0.844715487085281,1,"0.84472","ns","Wilcoxon"
"523","Mean_Orange_Norm","OPNDN","TC",0.444120625764159,1,"0.44412","ns","Wilcoxon"
"524","Mean_Orange_Norm","OPNDN","DN",0.151523959626979,1,"0.15152","ns","Wilcoxon"
"525","Mean_Orange_Norm","OPNDN","OPN",0.517611005016383,1,"0.51761","ns","Wilcoxon"
"526","Mean_Orange_Norm","OPNFN","LNDN",0.0779088071717314,1,"0.07791","ns","Wilcoxon"
"527","Mean_Orange_Norm","OPNFN","LNFN",0.888740268322265,1,"0.88874","ns","Wilcoxon"
"528","Mean_Orange_Norm","OPNFN","C1G3",0.618289273602765,1,"0.61829","ns","Wilcoxon"
"529","Mean_Orange_Norm","OPNFN","C4HA",0.732786476675634,1,"0.73279","ns","Wilcoxon"
"530","Mean_Orange_Norm","OPNFN","G3FN",0.304761991314993,1,"0.30476","ns","Wilcoxon"
"531","Mean_Orange_Norm","OPNFN","C4FN",0.0923528887772228,1,"0.09235","ns","Wilcoxon"
"532","Mean_Orange_Norm","OPNFN","C1OPN",0.87738792715327,1,"0.87739","ns","Wilcoxon"
"533","Mean_Orange_Norm","OPNFN","DNFN",0.259430745235911,1,"0.25943","ns","Wilcoxon"
"534","Mean_Orange_Norm","OPNFN","C4G3",0.0705075145057772,1,"0.07051","ns","Wilcoxon"
"535","Mean_Orange_Norm","OPNFN","LNHA",0.862275857672886,1,"0.86228","ns","Wilcoxon"
"536","Mean_Orange_Norm","OPNFN","G3",0.698201912318717,1,"0.69820","ns","Wilcoxon"
"537","Mean_Orange_Norm","OPNFN","DNG3",0.410088875620328,1,"0.41009","ns","Wilcoxon"
"538","Mean_Orange_Norm","OPNFN","C1LN",0.136279569153611,1,"0.13628","ns","Wilcoxon"
"539","Mean_Orange_Norm","OPNFN","TCG3",0.650226883938417,1,"0.65023","ns","Wilcoxon"
"540","Mean_Orange_Norm","OPNFN","TCFN",0.818519785061487,1,"0.81852","ns","Wilcoxon"
"541","Mean_Orange_Norm","OPNFN","C1TC",1,1,"1.00000","ns","Wilcoxon"
"542","Mean_Orange_Norm","OPNFN","C4LN",0.0331802905945796,1,"0.03318","*","Wilcoxon"
"543","Mean_Orange_Norm","OPNFN","C1FN",0.691053114977269,1,"0.69105","ns","Wilcoxon"
"544","Mean_Orange_Norm","OPNFN","C4TC",0.0923528887772228,1,"0.09235","ns","Wilcoxon"
"545","Mean_Orange_Norm","OPNFN","C4DN",0.0136736644270194,1,"0.01367","*","Wilcoxon"
"546","Mean_Orange_Norm","OPNFN","TCOPN",0.650226883938417,1,"0.65023","ns","Wilcoxon"
"547","Mean_Orange_Norm","OPNFN","TCHA",0.549046120177534,1,"0.54905","ns","Wilcoxon"
"548","Mean_Orange_Norm","OPNFN","C1HA",0.534188246190404,1,"0.53419","ns","Wilcoxon"
"549","Mean_Orange_Norm","OPNFN","LNTC",0.54159206936963,1,"0.54159","ns","Wilcoxon"
"550","Mean_Orange_Norm","OPNFN","HA",0.214391429733039,1,"0.21439","ns","Wilcoxon"
"551","Mean_Orange_Norm","OPNFN","HADN",0.436103146506035,1,"0.43610","ns","Wilcoxon"
"552","Mean_Orange_Norm","OPNFN","LNOPN",0.897590511809598,1,"0.89759","ns","Wilcoxon"
"553","Mean_Orange_Norm","OPNFN","TC",0.416435054412203,1,"0.41644","ns","Wilcoxon"
"554","Mean_Orange_Norm","OPNFN","DN",0.197190327152785,1,"0.19719","ns","Wilcoxon"
"555","Mean_Orange_Norm","OPNFN","OPN",0.564465734700691,1,"0.56447","ns","Wilcoxon"
"556","Mean_Orange_Norm","LNDN","LNFN",0.0427300029844377,1,"0.04273","*","Wilcoxon"
"557","Mean_Orange_Norm","LNDN","C1G3",0.103912586602139,1,"0.10391","ns","Wilcoxon"
"558","Mean_Orange_Norm","LNDN","C4HA",0.0155549875754425,1,"0.01555","*","Wilcoxon"
"559","Mean_Orange_Norm","LNDN","G3FN",0.00184799042823896,1,"0.00185","**","Wilcoxon"
"560","Mean_Orange_Norm","LNDN","C4FN",9.94378256983847e-05,0.098,"9.9e-05","****","Wilcoxon"
"561","Mean_Orange_Norm","LNDN","C1OPN",0.111542081660789,1,"0.11154","ns","Wilcoxon"
"562","Mean_Orange_Norm","LNDN","DNFN",0.00333229723856093,1,"0.00333","**","Wilcoxon"
"563","Mean_Orange_Norm","LNDN","C4G3",0.000156478044509315,0.15,"0.00016","***","Wilcoxon"
"564","Mean_Orange_Norm","LNDN","LNHA",0.0923528887772228,1,"0.09235","ns","Wilcoxon"
"565","Mean_Orange_Norm","LNDN","G3",0.389767066228048,1,"0.38977","ns","Wilcoxon"
"566","Mean_Orange_Norm","LNDN","DNG3",0.0069444970878641,1,"0.00694","**","Wilcoxon"
"567","Mean_Orange_Norm","LNDN","C1LN",0.000989925790139087,0.96,"0.00099","***","Wilcoxon"
"568","Mean_Orange_Norm","LNDN","TCG3",0.0219293789998997,1,"0.02193","*","Wilcoxon"
"569","Mean_Orange_Norm","LNDN","TCFN",0.0240158805407346,1,"0.02402","*","Wilcoxon"
"570","Mean_Orange_Norm","LNDN","C1TC",0.00948497673114757,1,"0.00948","**","Wilcoxon"
"571","Mean_Orange_Norm","LNDN","C4LN",8.97268933826837e-05,0.089,"9.0e-05","****","Wilcoxon"
"572","Mean_Orange_Norm","LNDN","C1FN",0.0108551513264433,1,"0.01086","*","Wilcoxon"
"573","Mean_Orange_Norm","LNDN","C4TC",0.000322633244281295,0.32,"0.00032","***","Wilcoxon"
"574","Mean_Orange_Norm","LNDN","C4DN",1.7524866090708e-05,0.017,"1.8e-05","****","Wilcoxon"
"575","Mean_Orange_Norm","LNDN","TCOPN",0.0240158805407346,1,"0.02402","*","Wilcoxon"
"576","Mean_Orange_Norm","LNDN","TCHA",0.304761991314993,1,"0.30476","ns","Wilcoxon"
"577","Mean_Orange_Norm","LNDN","C1HA",0.00581126976458003,1,"0.00581","**","Wilcoxon"
"578","Mean_Orange_Norm","LNDN","LNTC",0.00826932900978725,1,"0.00827","**","Wilcoxon"
"579","Mean_Orange_Norm","LNDN","HA",0.841754419635972,1,"0.84175","ns","Wilcoxon"
"580","Mean_Orange_Norm","LNDN","HADN",0.00581126976458003,1,"0.00581","**","Wilcoxon"
"581","Mean_Orange_Norm","LNDN","LNOPN",0.0351299678817417,1,"0.03513","*","Wilcoxon"
"582","Mean_Orange_Norm","LNDN","TC",0.0338310517365999,1,"0.03383","*","Wilcoxon"
"583","Mean_Orange_Norm","LNDN","DN",0.0175617534564614,1,"0.01756","*","Wilcoxon"
"584","Mean_Orange_Norm","LNDN","OPN",0.0382598499646109,1,"0.03826","*","Wilcoxon"
"585","Mean_Orange_Norm","LNFN","C1G3",0.519533584680963,1,"0.51953","ns","Wilcoxon"
"586","Mean_Orange_Norm","LNFN","C4HA",0.741232281214897,1,"0.74123","ns","Wilcoxon"
"587","Mean_Orange_Norm","LNFN","G3FN",0.310101129417988,1,"0.31010","ns","Wilcoxon"
"588","Mean_Orange_Norm","LNFN","C4FN",0.0741336756012023,1,"0.07413","ns","Wilcoxon"
"589","Mean_Orange_Norm","LNFN","C1OPN",0.770701044365487,1,"0.77070","ns","Wilcoxon"
"590","Mean_Orange_Norm","LNFN","DNFN",0.250018500487966,1,"0.25002","ns","Wilcoxon"
"591","Mean_Orange_Norm","LNFN","C4G3",0.0741336756012023,1,"0.07413","ns","Wilcoxon"
"592","Mean_Orange_Norm","LNFN","LNHA",0.642179801625858,1,"0.64218","ns","Wilcoxon"
"593","Mean_Orange_Norm","LNFN","G3",0.663689669649045,1,"0.66369","ns","Wilcoxon"
"594","Mean_Orange_Norm","LNFN","DNG3",0.429513014172978,1,"0.42951","ns","Wilcoxon"
"595","Mean_Orange_Norm","LNFN","C1LN",0.155103871183471,1,"0.15510","ns","Wilcoxon"
"596","Mean_Orange_Norm","LNFN","TCG3",0.682811848756015,1,"0.68281","ns","Wilcoxon"
"597","Mean_Orange_Norm","LNFN","TCFN",0.871081873353692,1,"0.87108","ns","Wilcoxon"
"598","Mean_Orange_Norm","LNFN","C1TC",0.906453353579042,1,"0.90645","ns","Wilcoxon"
"599","Mean_Orange_Norm","LNFN","C4LN",0.0295541008253055,1,"0.02955","*","Wilcoxon"
"600","Mean_Orange_Norm","LNFN","C1FN",0.749708984122599,1,"0.74971","ns","Wilcoxon"
"601","Mean_Orange_Norm","LNFN","C4TC",0.0670263131237601,1,"0.06703","ns","Wilcoxon"
"602","Mean_Orange_Norm","LNFN","C4DN",0.0155549875754425,1,"0.01555","*","Wilcoxon"
"603","Mean_Orange_Norm","LNFN","TCOPN",0.732786476675634,1,"0.73279","ns","Wilcoxon"
"604","Mean_Orange_Norm","LNFN","TCHA",0.366820336669132,1,"0.36682","ns","Wilcoxon"
"605","Mean_Orange_Norm","LNFN","C1HA",0.549046120177534,1,"0.54905","ns","Wilcoxon"
"606","Mean_Orange_Norm","LNFN","LNTC",0.587048376675425,1,"0.58705","ns","Wilcoxon"
"607","Mean_Orange_Norm","LNFN","HA",0.0983976172937687,1,"0.09840","ns","Wilcoxon"
"608","Mean_Orange_Norm","LNFN","HADN",0.463031898364332,1,"0.46303","ns","Wilcoxon"
"609","Mean_Orange_Norm","LNFN","LNOPN",0.92421250737285,1,"0.92421","ns","Wilcoxon"
"610","Mean_Orange_Norm","LNFN","TC",0.487501269365729,1,"0.48750","ns","Wilcoxon"
"611","Mean_Orange_Norm","LNFN","DN",0.197190327152785,1,"0.19719","ns","Wilcoxon"
"612","Mean_Orange_Norm","LNFN","OPN",0.613215774183149,1,"0.61322","ns","Wilcoxon"
"613","Mean_Orange_Norm","C1G3","C4HA",0.304761991314993,1,"0.30476","ns","Wilcoxon"
"614","Mean_Orange_Norm","C1G3","G3FN",0.101514173380211,1,"0.10151","ns","Wilcoxon"
"615","Mean_Orange_Norm","C1G3","C4FN",0.00771475647362529,1,"0.00771","**","Wilcoxon"
"616","Mean_Orange_Norm","C1G3","C1OPN",0.949883793430496,1,"0.94988","ns","Wilcoxon"
"617","Mean_Orange_Norm","C1G3","DNFN",0.0705075145057772,1,"0.07051","ns","Wilcoxon"
"618","Mean_Orange_Norm","C1G3","C4G3",0.011603150186674,1,"0.01160","*","Wilcoxon"
"619","Mean_Orange_Norm","C1G3","LNHA",0.959834211465561,1,"0.95983","ns","Wilcoxon"
"620","Mean_Orange_Norm","C1G3","G3",0.878664793933871,1,"0.87866","ns","Wilcoxon"
"621","Mean_Orange_Norm","C1G3","DNG3",0.148624037809084,1,"0.14862","ns","Wilcoxon"
"622","Mean_Orange_Norm","C1G3","C1LN",0.0295541008253055,1,"0.02955","*","Wilcoxon"
"623","Mean_Orange_Norm","C1G3","TCG3",0.360877132628192,1,"0.36088","ns","Wilcoxon"
"624","Mean_Orange_Norm","C1G3","TCFN",0.456215201814081,1,"0.45622","ns","Wilcoxon"
"625","Mean_Orange_Norm","C1G3","C1TC",0.403730565034196,1,"0.40373","ns","Wilcoxon"
"626","Mean_Orange_Norm","C1G3","C4LN",0.00433742521456812,1,"0.00434","**","Wilcoxon"
"627","Mean_Orange_Norm","C1G3","C1FN",0.310101129417988,1,"0.31010","ns","Wilcoxon"
"628","Mean_Orange_Norm","C1G3","C4TC",0.0165771796891795,1,"0.01658","*","Wilcoxon"
"629","Mean_Orange_Norm","C1G3","C4DN",0.000535158412779261,0.52,"0.00054","***","Wilcoxon"
"630","Mean_Orange_Norm","C1G3","TCOPN",0.360877132628192,1,"0.36088","ns","Wilcoxon"
"631","Mean_Orange_Norm","C1G3","TCHA",0.732786476675634,1,"0.73279","ns","Wilcoxon"
"632","Mean_Orange_Norm","C1G3","C1HA",0.23190711699935,1,"0.23191","ns","Wilcoxon"
"633","Mean_Orange_Norm","C1G3","LNTC",0.264226587073783,1,"0.26423","ns","Wilcoxon"
"634","Mean_Orange_Norm","C1G3","HA",0.173266484190858,1,"0.17327","ns","Wilcoxon"
"635","Mean_Orange_Norm","C1G3","HADN",0.214735872958558,1,"0.21474","ns","Wilcoxon"
"636","Mean_Orange_Norm","C1G3","LNOPN",0.602578795183032,1,"0.60258","ns","Wilcoxon"
"637","Mean_Orange_Norm","C1G3","TC",0.151523959626979,1,"0.15152","ns","Wilcoxon"
"638","Mean_Orange_Norm","C1G3","DN",0.0800314813362553,1,"0.08003","ns","Wilcoxon"
"639","Mean_Orange_Norm","C1G3","OPN",0.251884998557854,1,"0.25188","ns","Wilcoxon"
"640","Mean_Orange_Norm","C4HA","G3FN",0.463031898364332,1,"0.46303","ns","Wilcoxon"
"641","Mean_Orange_Norm","C4HA","C4FN",0.108842555234997,1,"0.10884","ns","Wilcoxon"
"642","Mean_Orange_Norm","C4HA","C1OPN",0.413220222252401,1,"0.41322","ns","Wilcoxon"
"643","Mean_Orange_Norm","C4HA","DNFN",0.34340810810433,1,"0.34341","ns","Wilcoxon"
"644","Mean_Orange_Norm","C4HA","C4G3",0.111375081429186,1,"0.11138","ns","Wilcoxon"
"645","Mean_Orange_Norm","C4HA","LNHA",0.397430904935493,1,"0.39743","ns","Wilcoxon"
"646","Mean_Orange_Norm","C4HA","G3",0.533009039669929,1,"0.53301","ns","Wilcoxon"
"647","Mean_Orange_Norm","C4HA","DNG3",0.556549802849306,1,"0.55655","ns","Wilcoxon"
"648","Mean_Orange_Norm","C4HA","C1LN",0.186900464044604,1,"0.18690","ns","Wilcoxon"
"649","Mean_Orange_Norm","C4HA","TCG3",0.968754791520069,1,"0.96875","ns","Wilcoxon"
"650","Mean_Orange_Norm","C4HA","TCFN",0.809830650381117,1,"0.80983","ns","Wilcoxon"
"651","Mean_Orange_Norm","C4HA","C1TC",0.853486711112679,1,"0.85349","ns","Wilcoxon"
"652","Mean_Orange_Norm","C4HA","C4LN",0.0489608009586377,1,"0.04896","*","Wilcoxon"
"653","Mean_Orange_Norm","C4HA","C1FN",0.977679233917821,1,"0.97768","ns","Wilcoxon"
"654","Mean_Orange_Norm","C4HA","C4TC",0.124732275265831,1,"0.12473","ns","Wilcoxon"
"655","Mean_Orange_Norm","C4HA","C4DN",0.0128097055783681,1,"0.01281","*","Wilcoxon"
"656","Mean_Orange_Norm","C4HA","TCOPN",0.862275857672886,1,"0.86228","ns","Wilcoxon"
"657","Mean_Orange_Norm","C4HA","TCHA",0.254694766415039,1,"0.25469","ns","Wilcoxon"
"658","Mean_Orange_Norm","C4HA","C1HA",0.844715487085281,1,"0.84472","ns","Wilcoxon"
"659","Mean_Orange_Norm","C4HA","LNTC",0.871081873353692,1,"0.87108","ns","Wilcoxon"
"660","Mean_Orange_Norm","C4HA","HA",0.0576715518803613,1,"0.05767","ns","Wilcoxon"
"661","Mean_Orange_Norm","C4HA","HADN",0.642179801625858,1,"0.64218","ns","Wilcoxon"
"662","Mean_Orange_Norm","C4HA","LNOPN",0.682811848756015,1,"0.68281","ns","Wilcoxon"
"663","Mean_Orange_Norm","C4HA","TC",0.458337469330101,1,"0.45834","ns","Wilcoxon"
"664","Mean_Orange_Norm","C4HA","DN",0.205663926813061,1,"0.20566","ns","Wilcoxon"
"665","Mean_Orange_Norm","C4HA","OPN",0.629857967489692,1,"0.62986","ns","Wilcoxon"
"666","Mean_Orange_Norm","G3FN","C4FN",0.372823409455144,1,"0.37282","ns","Wilcoxon"
"667","Mean_Orange_Norm","G3FN","C1OPN",0.177673478593694,1,"0.17767","ns","Wilcoxon"
"668","Mean_Orange_Norm","G3FN","DNFN",0.707643706537848,1,"0.70764","ns","Wilcoxon"
"669","Mean_Orange_Norm","G3FN","C4G3",0.33206367556494,1,"0.33206","ns","Wilcoxon"
"670","Mean_Orange_Norm","G3FN","LNHA",0.18314936243641,1,"0.18315","ns","Wilcoxon"
"671","Mean_Orange_Norm","G3FN","G3",0.232617550975523,1,"0.23262","ns","Wilcoxon"
"672","Mean_Orange_Norm","G3FN","DNG3",0.915327713529074,1,"0.91533","ns","Wilcoxon"
"673","Mean_Orange_Norm","G3FN","C1LN",0.519533584680963,1,"0.51953","ns","Wilcoxon"
"674","Mean_Orange_Norm","G3FN","TCG3",0.549046120177534,1,"0.54905","ns","Wilcoxon"
"675","Mean_Orange_Norm","G3FN","TCFN",0.469904287681697,1,"0.46990","ns","Wilcoxon"
"676","Mean_Orange_Norm","G3FN","C1TC",0.245401784452239,1,"0.24540","ns","Wilcoxon"
"677","Mean_Orange_Norm","G3FN","C4LN",0.124732275265831,1,"0.12473","ns","Wilcoxon"
"678","Mean_Orange_Norm","G3FN","C1FN",0.497942256922236,1,"0.49794","ns","Wilcoxon"
"679","Mean_Orange_Norm","G3FN","C4TC",0.391190139810319,1,"0.39119","ns","Wilcoxon"
"680","Mean_Orange_Norm","G3FN","C4DN",0.0670263131237601,1,"0.06703","ns","Wilcoxon"
"681","Mean_Orange_Norm","G3FN","TCOPN",0.715991275320253,1,"0.71599","ns","Wilcoxon"
"682","Mean_Orange_Norm","G3FN","TCHA",0.106355218307379,1,"0.10636","ns","Wilcoxon"
"683","Mean_Orange_Norm","G3FN","C1HA",0.792522645864482,1,"0.79252","ns","Wilcoxon"
"684","Mean_Orange_Norm","G3FN","LNTC",0.602578795183032,1,"0.60258","ns","Wilcoxon"
"685","Mean_Orange_Norm","G3FN","HA",0.031781360622951,1,"0.03178","*","Wilcoxon"
"686","Mean_Orange_Norm","G3FN","HADN",0.707643706537848,1,"0.70764","ns","Wilcoxon"
"687","Mean_Orange_Norm","G3FN","LNOPN",0.294265493106756,1,"0.29427","ns","Wilcoxon"
"688","Mean_Orange_Norm","G3FN","TC",0.878664793933871,1,"0.87866","ns","Wilcoxon"
"689","Mean_Orange_Norm","G3FN","DN",0.364136382051389,1,"0.36414","ns","Wilcoxon"
"690","Mean_Orange_Norm","G3FN","OPN",0.971899386617653,1,"0.97190","ns","Wilcoxon"
"691","Mean_Orange_Norm","C4FN","C1OPN",0.0322935101939144,1,"0.03229","*","Wilcoxon"
"692","Mean_Orange_Norm","C4FN","DNFN",0.699330691608883,1,"0.69933","ns","Wilcoxon"
"693","Mean_Orange_Norm","C4FN","C4G3",0.897590511809598,1,"0.89759","ns","Wilcoxon"
"694","Mean_Orange_Norm","C4FN","LNHA",0.0278709045145573,1,"0.02787","*","Wilcoxon"
"695","Mean_Orange_Norm","C4FN","G3",0.138195210155056,1,"0.13820","ns","Wilcoxon"
"696","Mean_Orange_Norm","C4FN","DNG3",0.397430904935493,1,"0.39743","ns","Wilcoxon"
"697","Mean_Orange_Norm","C4FN","C1LN",0.897590511809598,1,"0.89759","ns","Wilcoxon"
"698","Mean_Orange_Norm","C4FN","TCG3",0.127545921952748,1,"0.12755","ns","Wilcoxon"
"699","Mean_Orange_Norm","C4FN","TCFN",0.0968480433044131,1,"0.09685","ns","Wilcoxon"
"700","Mean_Orange_Norm","C4FN","C1TC",0.0295541008253055,1,"0.02955","*","Wilcoxon"
"701","Mean_Orange_Norm","C4FN","C4LN",0.449454594263529,1,"0.44945","ns","Wilcoxon"
"702","Mean_Orange_Norm","C4FN","C1FN",0.0923528887772228,1,"0.09235","ns","Wilcoxon"
"703","Mean_Orange_Norm","C4FN","C4TC",0.897590511809598,1,"0.89759","ns","Wilcoxon"
"704","Mean_Orange_Norm","C4FN","C4DN",0.299483454281595,1,"0.29948","ns","Wilcoxon"
"705","Mean_Orange_Norm","C4FN","TCOPN",0.245401784452239,1,"0.24540","ns","Wilcoxon"
"706","Mean_Orange_Norm","C4FN","TCHA",0.0219293789998997,1,"0.02193","*","Wilcoxon"
"707","Mean_Orange_Norm","C4FN","C1HA",0.172226911749023,1,"0.17223","ns","Wilcoxon"
"708","Mean_Orange_Norm","C4FN","LNTC",0.158422145366746,1,"0.15842","ns","Wilcoxon"
"709","Mean_Orange_Norm","C4FN","HA",0.00915403579061835,1,"0.00915","**","Wilcoxon"
"710","Mean_Orange_Norm","C4FN","HADN",0.289108067954567,1,"0.28911","ns","Wilcoxon"
"711","Mean_Orange_Norm","C4FN","LNOPN",0.0463836571438192,1,"0.04638","*","Wilcoxon"
"712","Mean_Orange_Norm","C4FN","TC",0.663689669649045,1,"0.66369","ns","Wilcoxon"
"713","Mean_Orange_Norm","C4FN","DN",0.715693891923365,1,"0.71569","ns","Wilcoxon"
"714","Mean_Orange_Norm","C4FN","OPN",0.487501269365729,1,"0.48750","ns","Wilcoxon"
"715","Mean_Orange_Norm","C1OPN","DNFN",0.106410959189223,1,"0.10641","ns","Wilcoxon"
"716","Mean_Orange_Norm","C1OPN","C4G3",0.0395486448685963,1,"0.03955","*","Wilcoxon"
"717","Mean_Orange_Norm","C1OPN","LNHA",0.958987022472477,1,"0.95899","ns","Wilcoxon"
"718","Mean_Orange_Norm","C1OPN","G3",0.763486317041709,1,"0.76349","ns","Wilcoxon"
"719","Mean_Orange_Norm","C1OPN","DNG3",0.177673478593694,1,"0.17767","ns","Wilcoxon"
"720","Mean_Orange_Norm","C1OPN","C1LN",0.0793950734404194,1,"0.07940","ns","Wilcoxon"
"721","Mean_Orange_Norm","C1OPN","TCG3",0.375011653614183,1,"0.37501","ns","Wilcoxon"
"722","Mean_Orange_Norm","C1OPN","TCFN",0.594930217942109,1,"0.59493","ns","Wilcoxon"
"723","Mean_Orange_Norm","C1OPN","C1TC",0.474606463058818,1,"0.47461","ns","Wilcoxon"
"724","Mean_Orange_Norm","C1OPN","C4LN",0.0121478082054528,1,"0.01215","*","Wilcoxon"
"725","Mean_Orange_Norm","C1OPN","C1FN",0.362770631447774,1,"0.36277","ns","Wilcoxon"
"726","Mean_Orange_Norm","C1OPN","C4TC",0.0295477530116723,1,"0.02955","*","Wilcoxon"
"727","Mean_Orange_Norm","C1OPN","C4DN",0.00695378043670017,1,"0.00695","**","Wilcoxon"
"728","Mean_Orange_Norm","C1OPN","TCOPN",0.510734794279536,1,"0.51073","ns","Wilcoxon"
"729","Mean_Orange_Norm","C1OPN","TCHA",0.63516149829847,1,"0.63516","ns","Wilcoxon"
"730","Mean_Orange_Norm","C1OPN","C1HA",0.278982861828189,1,"0.27898","ns","Wilcoxon"
"731","Mean_Orange_Norm","C1OPN","LNTC",0.316316790832953,1,"0.31632","ns","Wilcoxon"
"732","Mean_Orange_Norm","C1OPN","HA",0.155395942305049,1,"0.15540","ns","Wilcoxon"
"733","Mean_Orange_Norm","C1OPN","HADN",0.344878357421287,1,"0.34488","ns","Wilcoxon"
"734","Mean_Orange_Norm","C1OPN","LNOPN",0.727364330075019,1,"0.72736","ns","Wilcoxon"
"735","Mean_Orange_Norm","C1OPN","TC",0.315773319476165,1,"0.31577","ns","Wilcoxon"
"736","Mean_Orange_Norm","C1OPN","DN",0.110799893585804,1,"0.11080","ns","Wilcoxon"
"737","Mean_Orange_Norm","C1OPN","OPN",0.339871837132958,1,"0.33987","ns","Wilcoxon"
"738","Mean_Orange_Norm","DNFN","C4G3",0.602578795183032,1,"0.60258","ns","Wilcoxon"
"739","Mean_Orange_Norm","DNFN","LNHA",0.106355218307379,1,"0.10636","ns","Wilcoxon"
"740","Mean_Orange_Norm","DNFN","G3",0.24212025111204,1,"0.24212","ns","Wilcoxon"
"741","Mean_Orange_Norm","DNFN","DNG3",0.732786476675634,1,"0.73279","ns","Wilcoxon"
"742","Mean_Orange_Norm","DNFN","C1LN",0.707643706537848,1,"0.70764","ns","Wilcoxon"
"743","Mean_Orange_Norm","DNFN","TCG3",0.410088875620328,1,"0.41009","ns","Wilcoxon"
"744","Mean_Orange_Norm","DNFN","TCFN",0.326482179374075,1,"0.32648","ns","Wilcoxon"
"745","Mean_Orange_Norm","DNFN","C1TC",0.194570134314844,1,"0.19457","ns","Wilcoxon"
"746","Mean_Orange_Norm","DNFN","C4LN",0.372823409455144,1,"0.37282","ns","Wilcoxon"
"747","Mean_Orange_Norm","DNFN","C1FN",0.360877132628192,1,"0.36088","ns","Wilcoxon"
"748","Mean_Orange_Norm","DNFN","C4TC",0.650226883938417,1,"0.65023","ns","Wilcoxon"
"749","Mean_Orange_Norm","DNFN","C4DN",0.15183797148495,1,"0.15184","ns","Wilcoxon"
"750","Mean_Orange_Norm","DNFN","TCOPN",0.483814475201114,1,"0.48381","ns","Wilcoxon"
"751","Mean_Orange_Norm","DNFN","TCHA",0.0723022246270792,1,"0.07230","ns","Wilcoxon"
"752","Mean_Orange_Norm","DNFN","C1HA",0.526835230206375,1,"0.52684","ns","Wilcoxon"
"753","Mean_Orange_Norm","DNFN","LNTC",0.476831956632343,1,"0.47683","ns","Wilcoxon"
"754","Mean_Orange_Norm","DNFN","HA",0.0298359539191218,1,"0.02984","*","Wilcoxon"
"755","Mean_Orange_Norm","DNFN","HADN",0.618289273602765,1,"0.61829","ns","Wilcoxon"
"756","Mean_Orange_Norm","DNFN","LNOPN",0.202465238506925,1,"0.20247","ns","Wilcoxon"
"757","Mean_Orange_Norm","DNFN","TC",0.953182357072573,1,"0.95318","ns","Wilcoxon"
"758","Mean_Orange_Norm","DNFN","DN",0.502440101163289,1,"0.50244","ns","Wilcoxon"
"759","Mean_Orange_Norm","DNFN","OPN",0.878664793933871,1,"0.87866","ns","Wilcoxon"
"760","Mean_Orange_Norm","C4G3","LNHA",0.0361404469571736,1,"0.03614","*","Wilcoxon"
"761","Mean_Orange_Norm","C4G3","G3",0.138195210155056,1,"0.13820","ns","Wilcoxon"
"762","Mean_Orange_Norm","C4G3","DNG3",0.372823409455144,1,"0.37282","ns","Wilcoxon"
"763","Mean_Orange_Norm","C4G3","C1LN",0.732786476675634,1,"0.73279","ns","Wilcoxon"
"764","Mean_Orange_Norm","C4G3","TCG3",0.14546165511599,1,"0.14546","ns","Wilcoxon"
"765","Mean_Orange_Norm","C4G3","TCFN",0.130408051257648,1,"0.13041","ns","Wilcoxon"
"766","Mean_Orange_Norm","C4G3","C1TC",0.0287020196981533,1,"0.02870","*","Wilcoxon"
"767","Mean_Orange_Norm","C4G3","C4LN",0.534188246190404,1,"0.53419","ns","Wilcoxon"
"768","Mean_Orange_Norm","C4G3","C1FN",0.0859220493683516,1,"0.08592","ns","Wilcoxon"
"769","Mean_Orange_Norm","C4G3","C4TC",0.995535294657661,1,"0.99554","ns","Wilcoxon"
"770","Mean_Orange_Norm","C4G3","C4DN",0.422980386601613,1,"0.42298","ns","Wilcoxon"
"771","Mean_Orange_Norm","C4G3","TCOPN",0.198489351086939,1,"0.19849","ns","Wilcoxon"
"772","Mean_Orange_Norm","C4G3","TCHA",0.0212693781589901,1,"0.02127","*","Wilcoxon"
"773","Mean_Orange_Norm","C4G3","C1HA",0.206498096481519,1,"0.20650","ns","Wilcoxon"
"774","Mean_Orange_Norm","C4G3","LNTC",0.168695195446237,1,"0.16870","ns","Wilcoxon"
"775","Mean_Orange_Norm","C4G3","HA",0.0114519296565146,1,"0.01145","*","Wilcoxon"
"776","Mean_Orange_Norm","C4G3","HADN",0.227526720492502,1,"0.22753","ns","Wilcoxon"
"777","Mean_Orange_Norm","C4G3","LNOPN",0.050293197640079,1,"0.05029","ns","Wilcoxon"
"778","Mean_Orange_Norm","C4G3","TC",0.613215774183149,1,"0.61322","ns","Wilcoxon"
"779","Mean_Orange_Norm","C4G3","DN",0.805179386797145,1,"0.80518","ns","Wilcoxon"
"780","Mean_Orange_Norm","C4G3","OPN",0.472798954585869,1,"0.47280","ns","Wilcoxon"
"781","Mean_Orange_Norm","LNHA","G3",0.769014545046997,1,"0.76901","ns","Wilcoxon"
"782","Mean_Orange_Norm","LNHA","DNG3",0.218941339778081,1,"0.21894","ns","Wilcoxon"
"783","Mean_Orange_Norm","LNHA","C1LN",0.0705075145057772,1,"0.07051","ns","Wilcoxon"
"784","Mean_Orange_Norm","LNHA","TCG3",0.456215201814081,1,"0.45622","ns","Wilcoxon"
"785","Mean_Orange_Norm","LNHA","TCFN",0.571703600441235,1,"0.57170","ns","Wilcoxon"
"786","Mean_Orange_Norm","LNHA","C1TC",0.512283856474465,1,"0.51228","ns","Wilcoxon"
"787","Mean_Orange_Norm","LNHA","C4LN",0.0108551513264433,1,"0.01086","*","Wilcoxon"
"788","Mean_Orange_Norm","LNHA","C1FN",0.403730565034196,1,"0.40373","ns","Wilcoxon"
"789","Mean_Orange_Norm","LNHA","C4TC",0.0341433931537881,1,"0.03414","*","Wilcoxon"
"790","Mean_Orange_Norm","LNHA","C4DN",0.00433742521456812,1,"0.00434","**","Wilcoxon"
"791","Mean_Orange_Norm","LNHA","TCOPN",0.469904287681697,1,"0.46990","ns","Wilcoxon"
"792","Mean_Orange_Norm","LNHA","TCHA",0.7753150120193,1,"0.77532","ns","Wilcoxon"
"793","Mean_Orange_Norm","LNHA","C1HA",0.315500879008659,1,"0.31550","ns","Wilcoxon"
"794","Mean_Orange_Norm","LNHA","LNTC",0.360877132628192,1,"0.36088","ns","Wilcoxon"
"795","Mean_Orange_Norm","LNHA","HA",0.197190327152785,1,"0.19719","ns","Wilcoxon"
"796","Mean_Orange_Norm","LNHA","HADN",0.289108067954567,1,"0.28911","ns","Wilcoxon"
"797","Mean_Orange_Norm","LNHA","LNOPN",0.691053114977269,1,"0.69105","ns","Wilcoxon"
"798","Mean_Orange_Norm","LNHA","TC",0.29359011485156,1,"0.29359","ns","Wilcoxon"
"799","Mean_Orange_Norm","LNHA","DN",0.151523959626979,1,"0.15152","ns","Wilcoxon"
"800","Mean_Orange_Norm","LNHA","OPN",0.389767066228048,1,"0.38977","ns","Wilcoxon"
"801","Mean_Orange_Norm","G3","DNG3",0.376821048188667,1,"0.37682","ns","Wilcoxon"
"802","Mean_Orange_Norm","G3","C1LN",0.173266484190858,1,"0.17327","ns","Wilcoxon"
"803","Mean_Orange_Norm","G3","TCG3",0.502440101163289,1,"0.50244","ns","Wilcoxon"
"804","Mean_Orange_Norm","G3","TCFN",0.517611005016383,1,"0.51761","ns","Wilcoxon"
"805","Mean_Orange_Norm","G3","C1TC",0.548629135719169,1,"0.54863","ns","Wilcoxon"
"806","Mean_Orange_Norm","G3","C4LN",0.114198444516647,1,"0.11420","ns","Wilcoxon"
"807","Mean_Orange_Norm","G3","C1FN",0.402972532641621,1,"0.40297","ns","Wilcoxon"
"808","Mean_Orange_Norm","G3","C4TC",0.158534614404342,1,"0.15853","ns","Wilcoxon"
"809","Mean_Orange_Norm","G3","C4DN",0.0644827164559267,1,"0.06448","ns","Wilcoxon"
"810","Mean_Orange_Norm","G3","TCOPN",0.487501269365729,1,"0.48750","ns","Wilcoxon"
"811","Mean_Orange_Norm","G3","TCHA",0.990631436257644,1,"0.99063","ns","Wilcoxon"
"812","Mean_Orange_Norm","G3","C1HA",0.339557665977111,1,"0.33956","ns","Wilcoxon"
"813","Mean_Orange_Norm","G3","LNTC",0.389767066228048,1,"0.38977","ns","Wilcoxon"
"814","Mean_Orange_Norm","G3","HA",0.477575258232143,1,"0.47758","ns","Wilcoxon"
"815","Mean_Orange_Norm","G3","HADN",0.43015209533028,1,"0.43015","ns","Wilcoxon"
"816","Mean_Orange_Norm","G3","LNOPN",0.517611005016383,1,"0.51761","ns","Wilcoxon"
"817","Mean_Orange_Norm","G3","TC",0.318585170382182,1,"0.31859","ns","Wilcoxon"
"818","Mean_Orange_Norm","G3","DN",0.218920801906399,1,"0.21892","ns","Wilcoxon"
"819","Mean_Orange_Norm","G3","OPN",0.409510398068751,1,"0.40951","ns","Wilcoxon"
"820","Mean_Orange_Norm","DNG3","C1LN",0.56410250553897,1,"0.56410","ns","Wilcoxon"
"821","Mean_Orange_Norm","DNG3","TCG3",0.594790723838466,1,"0.59479","ns","Wilcoxon"
"822","Mean_Orange_Norm","DNG3","TCFN",0.534188246190404,1,"0.53419","ns","Wilcoxon"
"823","Mean_Orange_Norm","DNG3","C1TC",0.483814475201114,1,"0.48381","ns","Wilcoxon"
"824","Mean_Orange_Norm","DNG3","C4LN",0.218941339778081,1,"0.21894","ns","Wilcoxon"
"825","Mean_Orange_Norm","DNG3","C1FN",0.626210224856287,1,"0.62621","ns","Wilcoxon"
"826","Mean_Orange_Norm","DNG3","C4TC",0.436103146506035,1,"0.43610","ns","Wilcoxon"
"827","Mean_Orange_Norm","DNG3","C4DN",0.0798534920742618,1,"0.07985","ns","Wilcoxon"
"828","Mean_Orange_Norm","DNG3","TCOPN",0.699330691608883,1,"0.69933","ns","Wilcoxon"
"829","Mean_Orange_Norm","DNG3","TCHA",0.0901681882094608,1,"0.09017","ns","Wilcoxon"
"830","Mean_Orange_Norm","DNG3","C1HA",0.818519785061487,1,"0.81852","ns","Wilcoxon"
"831","Mean_Orange_Norm","DNG3","LNTC",0.666441672753929,1,"0.66644","ns","Wilcoxon"
"832","Mean_Orange_Norm","DNG3","HA",0.031781360622951,1,"0.03178","*","Wilcoxon"
"833","Mean_Orange_Norm","DNG3","HADN",0.888740268322265,1,"0.88874","ns","Wilcoxon"
"834","Mean_Orange_Norm","DNG3","LNOPN",0.366820336669132,1,"0.36682","ns","Wilcoxon"
"835","Mean_Orange_Norm","DNG3","TC",0.805179386797145,1,"0.80518","ns","Wilcoxon"
"836","Mean_Orange_Norm","DNG3","DN",0.487501269365729,1,"0.48750","ns","Wilcoxon"
"837","Mean_Orange_Norm","DNG3","OPN",0.934490469322327,1,"0.93449","ns","Wilcoxon"
"838","Mean_Orange_Norm","C1LN","TCG3",0.273998394628556,1,"0.27400","ns","Wilcoxon"
"839","Mean_Orange_Norm","C1LN","TCFN",0.227526720492502,1,"0.22753","ns","Wilcoxon"
"840","Mean_Orange_Norm","C1LN","C1TC",0.0653388220266916,1,"0.06534","ns","Wilcoxon"
"841","Mean_Orange_Norm","C1LN","C4LN",0.456215201814081,1,"0.45622","ns","Wilcoxon"
"842","Mean_Orange_Norm","C1LN","C1FN",0.172226911749023,1,"0.17223","ns","Wilcoxon"
"843","Mean_Orange_Norm","C1LN","C4TC",0.766751307087181,1,"0.76675","ns","Wilcoxon"
"844","Mean_Orange_Norm","C1LN","C4DN",0.315500879008659,1,"0.31550","ns","Wilcoxon"
"845","Mean_Orange_Norm","C1LN","TCOPN",0.378886189129863,1,"0.37889","ns","Wilcoxon"
"846","Mean_Orange_Norm","C1LN","TCHA",0.0427300029844377,1,"0.04273","*","Wilcoxon"
"847","Mean_Orange_Norm","C1LN","C1HA",0.326482179374075,1,"0.32648","ns","Wilcoxon"
"848","Mean_Orange_Norm","C1LN","LNTC",0.320961235546248,1,"0.32096","ns","Wilcoxon"
"849","Mean_Orange_Norm","C1LN","HA",0.0175617534564614,1,"0.01756","*","Wilcoxon"
"850","Mean_Orange_Norm","C1LN","HADN",0.397430904935493,1,"0.39743","ns","Wilcoxon"
"851","Mean_Orange_Norm","C1LN","LNOPN",0.124732275265831,1,"0.12473","ns","Wilcoxon"
"852","Mean_Orange_Norm","C1LN","TC",0.805179386797145,1,"0.80518","ns","Wilcoxon"
"853","Mean_Orange_Norm","C1LN","DN",0.680864561487047,1,"0.68086","ns","Wilcoxon"
"854","Mean_Orange_Norm","C1LN","OPN",0.663689669649045,1,"0.66369","ns","Wilcoxon"
"855","Mean_Orange_Norm","TCG3","TCFN",0.835963232532224,1,"0.83596","ns","Wilcoxon"
"856","Mean_Orange_Norm","TCG3","C1TC",0.906453353579042,1,"0.90645","ns","Wilcoxon"
"857","Mean_Orange_Norm","TCG3","C4LN",0.0653388220266916,1,"0.06534","ns","Wilcoxon"
"858","Mean_Orange_Norm","TCG3","C1FN",0.915327713529074,1,"0.91533","ns","Wilcoxon"
"859","Mean_Orange_Norm","TCG3","C4TC",0.18314936243641,1,"0.18315","ns","Wilcoxon"
"860","Mean_Orange_Norm","TCG3","C4DN",0.0219293789998997,1,"0.02193","*","Wilcoxon"
"861","Mean_Orange_Norm","TCG3","TCOPN",0.888740268322265,1,"0.88874","ns","Wilcoxon"
"862","Mean_Orange_Norm","TCG3","TCHA",0.227526720492502,1,"0.22753","ns","Wilcoxon"
"863","Mean_Orange_Norm","TCG3","C1HA",0.715991275320253,1,"0.71599","ns","Wilcoxon"
"864","Mean_Orange_Norm","TCG3","LNTC",0.844715487085281,1,"0.84472","ns","Wilcoxon"
"865","Mean_Orange_Norm","TCG3","HA",0.0544904763533342,1,"0.05449","ns","Wilcoxon"
"866","Mean_Orange_Norm","TCG3","HADN",0.783905785703094,1,"0.78391","ns","Wilcoxon"
"867","Mean_Orange_Norm","TCG3","LNOPN",0.699330691608883,1,"0.69933","ns","Wilcoxon"
"868","Mean_Orange_Norm","TCG3","TC",0.502440101163289,1,"0.50244","ns","Wilcoxon"
"869","Mean_Orange_Norm","TCG3","DN",0.232617550975523,1,"0.23262","ns","Wilcoxon"
"870","Mean_Orange_Norm","TCG3","OPN",0.663689669649045,1,"0.66369","ns","Wilcoxon"
"871","Mean_Orange_Norm","TCFN","C1TC",0.959834211465561,1,"0.95983","ns","Wilcoxon"
"872","Mean_Orange_Norm","TCFN","C4LN",0.0687490441288069,1,"0.06875","ns","Wilcoxon"
"873","Mean_Orange_Norm","TCFN","C1FN",0.809830650381117,1,"0.80983","ns","Wilcoxon"
"874","Mean_Orange_Norm","TCFN","C4TC",0.133319117246192,1,"0.13332","ns","Wilcoxon"
"875","Mean_Orange_Norm","TCFN","C4DN",0.0212693781589901,1,"0.02127","*","Wilcoxon"
"876","Mean_Orange_Norm","TCFN","TCOPN",0.801164600933215,1,"0.80116","ns","Wilcoxon"
"877","Mean_Orange_Norm","TCFN","TCHA",0.315500879008659,1,"0.31550","ns","Wilcoxon"
"878","Mean_Orange_Norm","TCFN","C1HA",0.579352443925653,1,"0.57935","ns","Wilcoxon"
"879","Mean_Orange_Norm","TCFN","LNTC",0.691053114977269,1,"0.69105","ns","Wilcoxon"
"880","Mean_Orange_Norm","TCFN","HA",0.0935257043047579,1,"0.09353","ns","Wilcoxon"
"881","Mean_Orange_Norm","TCFN","HADN",0.634173989021017,1,"0.63417","ns","Wilcoxon"
"882","Mean_Orange_Norm","TCFN","LNOPN",0.897590511809598,1,"0.89759","ns","Wilcoxon"
"883","Mean_Orange_Norm","TCFN","TC",0.487501269365729,1,"0.48750","ns","Wilcoxon"
"884","Mean_Orange_Norm","TCFN","DN",0.24212025111204,1,"0.24212","ns","Wilcoxon"
"885","Mean_Orange_Norm","TCFN","OPN",0.613215774183149,1,"0.61322","ns","Wilcoxon"
"886","Mean_Orange_Norm","C1TC","C4LN",0.0112236927939186,1,"0.01122","*","Wilcoxon"
"887","Mean_Orange_Norm","C1TC","C1FN",0.724372501457536,1,"0.72437","ns","Wilcoxon"
"888","Mean_Orange_Norm","C1TC","C4TC",0.0516554453296308,1,"0.05166","ns","Wilcoxon"
"889","Mean_Orange_Norm","C1TC","C4DN",0.0010331313436702,1,"0.00103","**","Wilcoxon"
"890","Mean_Orange_Norm","C1TC","TCOPN",0.56410250553897,1,"0.56410","ns","Wilcoxon"
"891","Mean_Orange_Norm","C1TC","TCHA",0.259430745235911,1,"0.25943","ns","Wilcoxon"
"892","Mean_Orange_Norm","C1TC","C1HA",0.682811848756015,1,"0.68281","ns","Wilcoxon"
"893","Mean_Orange_Norm","C1TC","LNTC",0.766751307087181,1,"0.76675","ns","Wilcoxon"
"894","Mean_Orange_Norm","C1TC","HA",0.0406473829200572,1,"0.04065","*","Wilcoxon"
"895","Mean_Orange_Norm","C1TC","HADN",0.476831956632343,1,"0.47683","ns","Wilcoxon"
"896","Mean_Orange_Norm","C1TC","LNOPN",0.758215643555916,1,"0.75822","ns","Wilcoxon"
"897","Mean_Orange_Norm","C1TC","TC",0.28276506931617,1,"0.28277","ns","Wilcoxon"
"898","Mean_Orange_Norm","C1TC","DN",0.119875252232211,1,"0.11988","ns","Wilcoxon"
"899","Mean_Orange_Norm","C1TC","OPN",0.416435054412203,1,"0.41644","ns","Wilcoxon"
"900","Mean_Orange_Norm","C4LN","C1FN",0.0382348665576617,1,"0.03823","*","Wilcoxon"
"901","Mean_Orange_Norm","C4LN","C4TC",0.519533584680963,1,"0.51953","ns","Wilcoxon"
"902","Mean_Orange_Norm","C4LN","C4DN",0.758215643555916,1,"0.75822","ns","Wilcoxon"
"903","Mean_Orange_Norm","C4LN","TCOPN",0.0859220493683516,1,"0.08592","ns","Wilcoxon"
"904","Mean_Orange_Norm","C4LN","TCHA",0.00745000326700096,1,"0.00745","**","Wilcoxon"
"905","Mean_Orange_Norm","C4LN","C1HA",0.101514173380211,1,"0.10151","ns","Wilcoxon"
"906","Mean_Orange_Norm","C4LN","LNTC",0.0670263131237601,1,"0.06703","ns","Wilcoxon"
"907","Mean_Orange_Norm","C4LN","HA",0.00726576825342156,1,"0.00727","**","Wilcoxon"
"908","Mean_Orange_Norm","C4LN","HADN",0.101514173380211,1,"0.10151","ns","Wilcoxon"
"909","Mean_Orange_Norm","C4LN","LNOPN",0.023302261745431,1,"0.02330","*","Wilcoxon"
"910","Mean_Orange_Norm","C4LN","TC",0.517611005016383,1,"0.51761","ns","Wilcoxon"
"911","Mean_Orange_Norm","C4LN","DN",0.953182357072573,1,"0.95318","ns","Wilcoxon"
"912","Mean_Orange_Norm","C4LN","OPN",0.364136382051389,1,"0.36414","ns","Wilcoxon"
"913","Mean_Orange_Norm","C1FN","C4TC",0.101514173380211,1,"0.10151","ns","Wilcoxon"
"914","Mean_Orange_Norm","C1FN","C4DN",0.00981242707707646,1,"0.00981","**","Wilcoxon"
"915","Mean_Orange_Norm","C1FN","TCOPN",0.862275857672886,1,"0.86228","ns","Wilcoxon"
"916","Mean_Orange_Norm","C1FN","TCHA",0.223204873302759,1,"0.22320","ns","Wilcoxon"
"917","Mean_Orange_Norm","C1FN","C1HA",0.942009041023767,1,"0.94201","ns","Wilcoxon"
"918","Mean_Orange_Norm","C1FN","LNTC",0.888740268322265,1,"0.88874","ns","Wilcoxon"
"919","Mean_Orange_Norm","C1FN","HA",0.061000739666083,1,"0.06100","ns","Wilcoxon"
"920","Mean_Orange_Norm","C1FN","HADN",0.741232281214897,1,"0.74123","ns","Wilcoxon"
"921","Mean_Orange_Norm","C1FN","LNOPN",0.626210224856287,1,"0.62621","ns","Wilcoxon"
"922","Mean_Orange_Norm","C1FN","TC",0.517611005016383,1,"0.51761","ns","Wilcoxon"
"923","Mean_Orange_Norm","C1FN","DN",0.28276506931617,1,"0.28277","ns","Wilcoxon"
"924","Mean_Orange_Norm","C1FN","OPN",0.715693891923365,1,"0.71569","ns","Wilcoxon"
"925","Mean_Orange_Norm","C4TC","C4DN",0.360877132628192,1,"0.36088","ns","Wilcoxon"
"926","Mean_Orange_Norm","C4TC","TCOPN",0.218941339778081,1,"0.21894","ns","Wilcoxon"
"927","Mean_Orange_Norm","C4TC","TCHA",0.0182194656301393,1,"0.01822","*","Wilcoxon"
"928","Mean_Orange_Norm","C4TC","C1HA",0.236346286935222,1,"0.23635","ns","Wilcoxon"
"929","Mean_Orange_Norm","C4TC","LNTC",0.190707278425509,1,"0.19071","ns","Wilcoxon"
"930","Mean_Orange_Norm","C4TC","HA",0.00987121129002475,1,"0.00987","**","Wilcoxon"
"931","Mean_Orange_Norm","C4TC","HADN",0.250018500487966,1,"0.25002","ns","Wilcoxon"
"932","Mean_Orange_Norm","C4TC","LNOPN",0.0636860724489513,1,"0.06369","ns","Wilcoxon"
"933","Mean_Orange_Norm","C4TC","TC",0.680864561487047,1,"0.68086","ns","Wilcoxon"
"934","Mean_Orange_Norm","C4TC","DN",0.733332244321382,1,"0.73333","ns","Wilcoxon"
"935","Mean_Orange_Norm","C4TC","OPN",0.564465734700691,1,"0.56447","ns","Wilcoxon"
"936","Mean_Orange_Norm","C4DN","TCOPN",0.0351299678817417,1,"0.03513","*","Wilcoxon"
"937","Mean_Orange_Norm","C4DN","TCHA",0.00274811096572637,1,"0.00275","**","Wilcoxon"
"938","Mean_Orange_Norm","C4DN","C1HA",0.0322402320522086,1,"0.03224","*","Wilcoxon"
"939","Mean_Orange_Norm","C4DN","LNTC",0.0295541008253055,1,"0.02955","*","Wilcoxon"
"940","Mean_Orange_Norm","C4DN","HA",0.0052792850719278,1,"0.00528","**","Wilcoxon"
"941","Mean_Orange_Norm","C4DN","HADN",0.0574125682954516,1,"0.05741","ns","Wilcoxon"
"942","Mean_Orange_Norm","C4DN","LNOPN",0.00624316598203709,1,"0.00624","**","Wilcoxon"
"943","Mean_Orange_Norm","C4DN","TC",0.351714826888671,1,"0.35171","ns","Wilcoxon"
"944","Mean_Orange_Norm","C4DN","DN",0.769014545046997,1,"0.76901","ns","Wilcoxon"
"945","Mean_Orange_Norm","C4DN","OPN",0.197190327152785,1,"0.19719","ns","Wilcoxon"
"946","Mean_Orange_Norm","TCOPN","TCHA",0.289108067954567,1,"0.28911","ns","Wilcoxon"
"947","Mean_Orange_Norm","TCOPN","C1HA",0.950918594866289,1,"0.95092","ns","Wilcoxon"
"948","Mean_Orange_Norm","TCOPN","LNTC",0.977679233917821,1,"0.97768","ns","Wilcoxon"
"949","Mean_Orange_Norm","TCOPN","HA",0.131869478038465,1,"0.13187","ns","Wilcoxon"
"950","Mean_Orange_Norm","TCOPN","HADN",0.809830650381117,1,"0.80983","ns","Wilcoxon"
"951","Mean_Orange_Norm","TCOPN","LNOPN",0.642179801625858,1,"0.64218","ns","Wilcoxon"
"952","Mean_Orange_Norm","TCOPN","TC",0.698201912318717,1,"0.69820","ns","Wilcoxon"
"953","Mean_Orange_Norm","TCOPN","DN",0.339557665977111,1,"0.33956","ns","Wilcoxon"
"954","Mean_Orange_Norm","TCOPN","OPN",0.860172477971753,1,"0.86017","ns","Wilcoxon"
"955","Mean_Orange_Norm","TCHA","C1HA",0.139289851139585,1,"0.13929","ns","Wilcoxon"
"956","Mean_Orange_Norm","TCHA","LNTC",0.18314936243641,1,"0.18315","ns","Wilcoxon"
"957","Mean_Orange_Norm","TCHA","HA",0.316040621352718,1,"0.31604","ns","Wilcoxon"
"958","Mean_Orange_Norm","TCHA","HADN",0.14546165511599,1,"0.14546","ns","Wilcoxon"
"959","Mean_Orange_Norm","TCHA","LNOPN",0.403730565034196,1,"0.40373","ns","Wilcoxon"
"960","Mean_Orange_Norm","TCHA","TC",0.158534614404342,1,"0.15853","ns","Wilcoxon"
"961","Mean_Orange_Norm","TCHA","DN",0.0935257043047579,1,"0.09353","ns","Wilcoxon"
"962","Mean_Orange_Norm","TCHA","OPN",0.214391429733039,1,"0.21439","ns","Wilcoxon"
"963","Mean_Orange_Norm","C1HA","LNTC",0.853486711112679,1,"0.85349","ns","Wilcoxon"
"964","Mean_Orange_Norm","C1HA","HA",0.0298359539191218,1,"0.02984","*","Wilcoxon"
"965","Mean_Orange_Norm","C1HA","HADN",0.906453353579042,1,"0.90645","ns","Wilcoxon"
"966","Mean_Orange_Norm","C1HA","LNOPN",0.463031898364332,1,"0.46303","ns","Wilcoxon"
"967","Mean_Orange_Norm","C1HA","TC",0.613215774183149,1,"0.61322","ns","Wilcoxon"
"968","Mean_Orange_Norm","C1HA","DN",0.339557665977111,1,"0.33956","ns","Wilcoxon"
"969","Mean_Orange_Norm","C1HA","OPN",0.769014545046997,1,"0.76901","ns","Wilcoxon"
"970","Mean_Orange_Norm","LNTC","HA",0.031781360622951,1,"0.03178","*","Wilcoxon"
"971","Mean_Orange_Norm","LNTC","HADN",0.897590511809598,1,"0.89759","ns","Wilcoxon"
"972","Mean_Orange_Norm","LNTC","LNOPN",0.556549802849306,1,"0.55655","ns","Wilcoxon"
"973","Mean_Orange_Norm","LNTC","TC",0.596765262531775,1,"0.59677","ns","Wilcoxon"
"974","Mean_Orange_Norm","LNTC","DN",0.28276506931617,1,"0.28277","ns","Wilcoxon"
"975","Mean_Orange_Norm","LNTC","OPN",0.698201912318717,1,"0.69820","ns","Wilcoxon"
"976","Mean_Orange_Norm","HA","HADN",0.0359891674935642,1,"0.03599","*","Wilcoxon"
"977","Mean_Orange_Norm","HA","LNOPN",0.0719235729625051,1,"0.07192","ns","Wilcoxon"
"978","Mean_Orange_Norm","HA","TC",0.100530442770314,1,"0.10053","ns","Wilcoxon"
"979","Mean_Orange_Norm","HA","DN",0.0449019952990878,1,"0.04490","*","Wilcoxon"
"980","Mean_Orange_Norm","HA","OPN",0.0780243447493414,1,"0.07802","ns","Wilcoxon"
"981","Mean_Orange_Norm","HADN","LNOPN",0.456215201814081,1,"0.45622","ns","Wilcoxon"
"982","Mean_Orange_Norm","HADN","TC",0.733332244321382,1,"0.73333","ns","Wilcoxon"
"983","Mean_Orange_Norm","HADN","DN",0.364136382051389,1,"0.36414","ns","Wilcoxon"
"984","Mean_Orange_Norm","HADN","OPN",0.823420278524008,1,"0.82342","ns","Wilcoxon"
"985","Mean_Orange_Norm","LNOPN","TC",0.402972532641621,1,"0.40297","ns","Wilcoxon"
"986","Mean_Orange_Norm","LNOPN","DN",0.18896812454189,1,"0.18897","ns","Wilcoxon"
"987","Mean_Orange_Norm","LNOPN","OPN",0.487501269365729,1,"0.48750","ns","Wilcoxon"
"988","Mean_Orange_Norm","TC","DN",0.798745338656498,1,"0.79875","ns","Wilcoxon"
"989","Mean_Orange_Norm","TC","OPN",0.842835990231333,1,"0.84284","ns","Wilcoxon"
"990","Mean_Orange_Norm","DN","OPN",0.551167166391288,1,"0.55117","ns","Wilcoxon"
